<?xml version="1.0" encoding="utf-8"?>
<mime-type xmlns="http://www.freedesktop.org/standards/shared-mime-info" type="image/openraster">
  <!--Created automatically by update-mime-database. DO NOT EDIT!-->
  <comment>OpenRaster archiving image</comment>
  <comment xml:lang="ar">صورة أرشيف OpenRaster</comment>
  <comment xml:lang="bg">Изображение — OpenRaster</comment>
  <comment xml:lang="ca">imatge d'arxivat OpenRaster</comment>
  <comment xml:lang="cs">archivační obraz OpenRaster</comment>
  <comment xml:lang="da">OpenRaster-arkivaftryk</comment>
  <comment xml:lang="de">OpenRaster-Archivierungsbild</comment>
  <comment xml:lang="el">Εικόνα αρχειοθέτησης OpenRaster</comment>
  <comment xml:lang="en_GB">OpenRaster archiving image</comment>
  <comment xml:lang="es">imagen de archivado de OpenRaster</comment>
  <comment xml:lang="eu">OpenRaster artxiboaren irudia</comment>
  <comment xml:lang="fi">OpenRaster-arkistokuva</comment>
  <comment xml:lang="fo">OpenRaster goymslumynd</comment>
  <comment xml:lang="fr">image d'archive OpenRaster</comment>
  <comment xml:lang="ga">íomhá chartlannaithe OpenRaster</comment>
  <comment xml:lang="gl">imaxe arquivada de OpenRaster</comment>
  <comment xml:lang="he">תמונת ארכיון של OpenRaster</comment>
  <comment xml:lang="hr">OpenRaster slika arhive</comment>
  <comment xml:lang="hu">OpenRaster archiválási kép</comment>
  <comment xml:lang="ia">Imagine de archivo OpenRaster</comment>
  <comment xml:lang="id">Gambar pengarsipan OpenRaster</comment>
  <comment xml:lang="it">Immagine archiviazione OpenRaster</comment>
  <comment xml:lang="ja">OpenRaster アーカイブイメージ</comment>
  <comment xml:lang="ka">OpenRaster-ის საარქივო გამოსახულება</comment>
  <comment xml:lang="kk">OpenRaster архивтеу суреті</comment>
  <comment xml:lang="ko">OpenRaster 압축 이미지</comment>
  <comment xml:lang="lt">OpenRaster archyvavimo paveikslėlis</comment>
  <comment xml:lang="lv">OpenRaster arhivēšanas attēls</comment>
  <comment xml:lang="nl">OpenRaster archiverings-image</comment>
  <comment xml:lang="oc">imatge d'archiu OpenRaster</comment>
  <comment xml:lang="pl">Archiwalny obraz OpenRaster</comment>
  <comment xml:lang="pt">imagem arquivo OpenRaster</comment>
  <comment xml:lang="pt_BR">Imagem de arquivamento OpenRaster</comment>
  <comment xml:lang="ro">Arhivă imagine OpenRaster</comment>
  <comment xml:lang="ru">архивное изображение OpenRaster</comment>
  <comment xml:lang="sk">Archivačný obrázok OpenRaster</comment>
  <comment xml:lang="sl">Odtis arhiva OpenRaster</comment>
  <comment xml:lang="sr">слика Опен Растер архивирања</comment>
  <comment xml:lang="sv">OpenRaster-arkivbild</comment>
  <comment xml:lang="tr">OpenRaster arşivleme görüntüsü</comment>
  <comment xml:lang="uk">архівоване зображення OpenRaster</comment>
  <comment xml:lang="zh_CN">OpenRaster 归档映像</comment>
  <comment xml:lang="zh_TW">OpenRaster 封存影像</comment>
  <sub-class-of type="application/zip"/>
  <glob pattern="*.ora"/>
</mime-type>
