<?xml version="1.0" encoding="utf-8"?>
<mime-type xmlns="http://www.freedesktop.org/standards/shared-mime-info" type="image/tiff">
  <!--Created automatically by update-mime-database. DO NOT EDIT!-->
  <comment>TIFF image</comment>
  <comment xml:lang="ar">صورة TIFF</comment>
  <comment xml:lang="be@latin">Vyjava TIFF</comment>
  <comment xml:lang="bg">Изображение — TIFF</comment>
  <comment xml:lang="ca">imatge TIFF</comment>
  <comment xml:lang="cs">obrázek TIFF</comment>
  <comment xml:lang="da">TIFF-billede</comment>
  <comment xml:lang="de">TIFF-Bild</comment>
  <comment xml:lang="el">Εικόνα TIFF</comment>
  <comment xml:lang="en_GB">TIFF image</comment>
  <comment xml:lang="eo">TIFF-bildo</comment>
  <comment xml:lang="es">imagen TIFF</comment>
  <comment xml:lang="eu">TIFF irudia</comment>
  <comment xml:lang="fi">TIFF-kuva</comment>
  <comment xml:lang="fo">TIFF mynd</comment>
  <comment xml:lang="fr">image TIFF</comment>
  <comment xml:lang="ga">íomhá TIFF</comment>
  <comment xml:lang="gl">imaxe TIFF</comment>
  <comment xml:lang="he">תמונת TIFF</comment>
  <comment xml:lang="hr">TIFF slika</comment>
  <comment xml:lang="hu">TIFF-kép</comment>
  <comment xml:lang="ia">Imagine TIFF</comment>
  <comment xml:lang="id">Citra TIFF</comment>
  <comment xml:lang="it">Immagine TIFF</comment>
  <comment xml:lang="ja">TIFF 画像</comment>
  <comment xml:lang="kk">TIFF суреті</comment>
  <comment xml:lang="ko">TIFF 그림</comment>
  <comment xml:lang="lt">TIFF paveikslėlis</comment>
  <comment xml:lang="lv">TIFF attēls</comment>
  <comment xml:lang="ms">Imej TIFF</comment>
  <comment xml:lang="nb">TIFF-bilde</comment>
  <comment xml:lang="nl">TIFF-afbeelding</comment>
  <comment xml:lang="nn">TIFF-bilete</comment>
  <comment xml:lang="oc">imatge TIFF</comment>
  <comment xml:lang="pl">Obraz TIFF</comment>
  <comment xml:lang="pt">imagem TIFF</comment>
  <comment xml:lang="pt_BR">Imagem TIFF</comment>
  <comment xml:lang="ro">Imagine TIFF</comment>
  <comment xml:lang="ru">изображение TIFF</comment>
  <comment xml:lang="sk">Obrázok TIFF</comment>
  <comment xml:lang="sl">Slikovna datoteka TIFF</comment>
  <comment xml:lang="sq">Figurë TIFF</comment>
  <comment xml:lang="sr">ТИФФ слика</comment>
  <comment xml:lang="sv">TIFF-bild</comment>
  <comment xml:lang="tr">TIFF görüntüsü</comment>
  <comment xml:lang="uk">зображення TIFF</comment>
  <comment xml:lang="vi">Ảnh TIFF</comment>
  <comment xml:lang="zh_CN">TIFF 图像</comment>
  <comment xml:lang="zh_TW">TIFF 影像</comment>
  <acronym>TIFF</acronym>
  <expanded-acronym>Tagged Image File Format</expanded-acronym>
  <glob pattern="*.tif"/>
  <glob pattern="*.tiff"/>
</mime-type>
