<?xml version="1.0" encoding="utf-8"?>
<mime-type xmlns="http://www.freedesktop.org/standards/shared-mime-info" type="image/webp">
  <!--Created automatically by update-mime-database. DO NOT EDIT!-->
  <comment>WebP image</comment>
  <comment xml:lang="ca">imatge WebP</comment>
  <comment xml:lang="cs">obrázek WebP</comment>
  <comment xml:lang="da">WebP-billede</comment>
  <comment xml:lang="de">WebP-Bild</comment>
  <comment xml:lang="el">Εικόνα WebP</comment>
  <comment xml:lang="en_GB">WebP image</comment>
  <comment xml:lang="es">imagen WebP</comment>
  <comment xml:lang="eu">WebP irudia</comment>
  <comment xml:lang="fi">WebP-kuva</comment>
  <comment xml:lang="fr">image WebP</comment>
  <comment xml:lang="gl">Imaxe WebP</comment>
  <comment xml:lang="he">תמונת WebP</comment>
  <comment xml:lang="hr">WebP slika</comment>
  <comment xml:lang="hu">WebP kép</comment>
  <comment xml:lang="ia">Imagine WebP</comment>
  <comment xml:lang="id">Citra WebP</comment>
  <comment xml:lang="it">Immagine WebP</comment>
  <comment xml:lang="kk">WebP суреті</comment>
  <comment xml:lang="ko">WebP 그림</comment>
  <comment xml:lang="oc">imatge WebP</comment>
  <comment xml:lang="pl">Obraz WebP</comment>
  <comment xml:lang="pt">imagem WebP</comment>
  <comment xml:lang="pt_BR">Imagem WebP</comment>
  <comment xml:lang="ru">Изображение WebP</comment>
  <comment xml:lang="sk">Obrázok WebP</comment>
  <comment xml:lang="sl">Slika WebP</comment>
  <comment xml:lang="sr">ВебП слика</comment>
  <comment xml:lang="sv">WebP-bild</comment>
  <comment xml:lang="tr">WebP görüntüsü</comment>
  <comment xml:lang="uk">зображення WebP</comment>
  <comment xml:lang="zh_CN">WebP 图像</comment>
  <comment xml:lang="zh_TW">WebP 影像</comment>
  <glob pattern="*.webp"/>
</mime-type>
