<?xml version="1.0" encoding="utf-8"?>
<mime-type xmlns="http://www.freedesktop.org/standards/shared-mime-info" type="image/x-bzeps">
  <!--Created automatically by update-mime-database. DO NOT EDIT!-->
  <comment>EPS image (bzip-compressed)</comment>
  <comment xml:lang="ar">صورة EPS (مضغوط-bzip)</comment>
  <comment xml:lang="be@latin">Vyjava EPS (bzip-skampresavanaja)</comment>
  <comment xml:lang="bg">Изображение — EPS, компресирано с bzip</comment>
  <comment xml:lang="ca">imatge EPS (amb compressió bzip)</comment>
  <comment xml:lang="cs">obrázek EPS (komprimovaný pomocí bzip)</comment>
  <comment xml:lang="da">EPS-billede (bzip-komprimeret)</comment>
  <comment xml:lang="de">EPS-Bild (bzip-komprimiert)</comment>
  <comment xml:lang="el">Εικόνα EPS (συμπιεσμένη bzip)</comment>
  <comment xml:lang="en_GB">EPS image (bzip-compressed)</comment>
  <comment xml:lang="es">imagen EPS (comprimida con bzip)</comment>
  <comment xml:lang="eu">EPS irudia (bzip-ekin konprimitua)</comment>
  <comment xml:lang="fi">EPS-kuva (bzip-pakattu)</comment>
  <comment xml:lang="fo">EPS mynd (bzip-stappað)</comment>
  <comment xml:lang="fr">image EPS (compressée bzip)</comment>
  <comment xml:lang="ga">íomhá EPS (comhbhrúite le bzip)</comment>
  <comment xml:lang="gl">imaxe EPS (comprimida con bzip)</comment>
  <comment xml:lang="he">תמונת EPS (מכווץ בbzip)</comment>
  <comment xml:lang="hr">EPS slika (komprimirana bzip-om)</comment>
  <comment xml:lang="hu">EPS kép (bzip-tömörítésű)</comment>
  <comment xml:lang="ia">Imagine EPS (comprimite con bzip)</comment>
  <comment xml:lang="id">Citra EPS (terkompresi bzip)</comment>
  <comment xml:lang="it">Immagine EPS (compressa con bzip)</comment>
  <comment xml:lang="ja">EPS 画像 (bzip 圧縮)</comment>
  <comment xml:lang="ka">EPS გამოსახულება (bzip-ით შეკუმშული)</comment>
  <comment xml:lang="kk">EPS суреті (bzip-пен сығылған)</comment>
  <comment xml:lang="ko">EPS 그림(BZIP 압축)</comment>
  <comment xml:lang="lt">EPS paveikslėlis (suglaudintas su bzip)</comment>
  <comment xml:lang="lv">EPS attēls (saspiests ar bzip)</comment>
  <comment xml:lang="nb">EPS-bilde (bzip-komprimert)</comment>
  <comment xml:lang="nl">EPS-afbeelding (ingepakt met bzip)</comment>
  <comment xml:lang="nn">EPS-bilete (pakka med bzip)</comment>
  <comment xml:lang="oc">imatge EPS (compressat bzip)</comment>
  <comment xml:lang="pl">Obraz EPS (kompresja bzip)</comment>
  <comment xml:lang="pt">imagem EPS (compressão bzip)</comment>
  <comment xml:lang="pt_BR">Imagem EPS (compactada com bzip)</comment>
  <comment xml:lang="ro">Imagine EPS (compresie bzip)</comment>
  <comment xml:lang="ru">изображение EPS (сжатое bzip)</comment>
  <comment xml:lang="sk">Obrázok EPS (komprimovaný pomocou bzip)</comment>
  <comment xml:lang="sl">Slikovna datoteka EPS (stisnjena z bzip)</comment>
  <comment xml:lang="sq">Figurë EPS (e kompresuar me bzip)</comment>
  <comment xml:lang="sr">ЕПС слика (запакована бзип-ом)</comment>
  <comment xml:lang="sv">EPS-bild (bzip-komprimerad)</comment>
  <comment xml:lang="tr">EPS görüntüsü (bzip ile sıkıştırılmış)</comment>
  <comment xml:lang="uk">зображення EPS (стиснене bzip)</comment>
  <comment xml:lang="vi">Ảnh EPS (đã nén bzip)</comment>
  <comment xml:lang="zh_CN">EPS 图像(bzip 压缩)</comment>
  <comment xml:lang="zh_TW">EPS 影像 (bzip 格式壓縮)</comment>
  <sub-class-of type="application/x-bzip"/>
  <glob pattern="*.eps.bz2"/>
  <glob pattern="*.epsi.bz2"/>
  <glob pattern="*.epsf.bz2"/>
</mime-type>
