<?xml version="1.0" encoding="utf-8"?>
<mime-type xmlns="http://www.freedesktop.org/standards/shared-mime-info" type="image/x-canon-cr2">
  <!--Created automatically by update-mime-database. DO NOT EDIT!-->
  <comment>Canon CR2 raw image</comment>
  <comment xml:lang="ar">صورة Canon CR2 خامة</comment>
  <comment xml:lang="be@latin">Suvoraja vyjava Canon CR2</comment>
  <comment xml:lang="bg">Изображение — Canon CR2 raw</comment>
  <comment xml:lang="ca">imatge en cru de Canon CR2</comment>
  <comment xml:lang="cs">surový obrázek Canon CR2</comment>
  <comment xml:lang="da">Canon CR2-råbillede</comment>
  <comment xml:lang="de">Canon-CR2-Rohbild</comment>
  <comment xml:lang="el">Ανεπεξέργαστη εικόνα Canon CR2</comment>
  <comment xml:lang="en_GB">Canon CR2 raw image</comment>
  <comment xml:lang="es">imagen en bruto CR2 de Canon</comment>
  <comment xml:lang="eu">Canon CR2 irudi gordina</comment>
  <comment xml:lang="fi">Canon-CR2-raakakuva</comment>
  <comment xml:lang="fo">Canon CR2 rámynd</comment>
  <comment xml:lang="fr">image brute CR2 Canon</comment>
  <comment xml:lang="ga">amhíomhá Canon CR2</comment>
  <comment xml:lang="gl">imaxe en bruto de Canon CR2</comment>
  <comment xml:lang="he">תמונה גולמית של Canon CR2</comment>
  <comment xml:lang="hr">Canon CR2 osnovna slika</comment>
  <comment xml:lang="hu">Canon CR2 nyers kép</comment>
  <comment xml:lang="ia">Imagine brute CR2 Canon</comment>
  <comment xml:lang="id">Citra mentah Canon CR2</comment>
  <comment xml:lang="it">Immagine raw Canon CR2</comment>
  <comment xml:lang="ja">Canon CR2 raw 画像</comment>
  <comment xml:lang="ka">Canon CR2 raw გამოსახულება</comment>
  <comment xml:lang="kk">Canon CR2 өңделмеген суреті</comment>
  <comment xml:lang="ko">캐논 CR2 RAW 사진</comment>
  <comment xml:lang="lt">Canon CR2 neapdorotas paveikslėlis</comment>
  <comment xml:lang="lv">Canon CR2 jēlattēls</comment>
  <comment xml:lang="nb">Canon CR2 raw-bilde</comment>
  <comment xml:lang="nl">onbewerkt Canon CR2-beeld</comment>
  <comment xml:lang="nn">Canon CR2 råbilete</comment>
  <comment xml:lang="oc">imatge brut CR2 Canon</comment>
  <comment xml:lang="pl">Surowy obraz CR2 Canon</comment>
  <comment xml:lang="pt">imagem em bruto Canon CR2</comment>
  <comment xml:lang="pt_BR">Imagem bruta CR2 da Canon</comment>
  <comment xml:lang="ro">Imagine brută Canon CR2</comment>
  <comment xml:lang="ru">необработанное изображение Canon CR2</comment>
  <comment xml:lang="sk">Surový obrázok Canon CR2</comment>
  <comment xml:lang="sl">Surova slikovna datoteka Canon CR2</comment>
  <comment xml:lang="sq">Figurë raw Canon CR2</comment>
  <comment xml:lang="sr">Кенон ЦР2 сирова слика</comment>
  <comment xml:lang="sv">Canon CR2-råbild</comment>
  <comment xml:lang="tr">Canon CR2 ham görüntüsü</comment>
  <comment xml:lang="uk">цифровий негатив CR2 Canon</comment>
  <comment xml:lang="vi">Ảnh thô Canon CR2</comment>
  <comment xml:lang="zh_CN">Canon CR2 原始图像</comment>
  <comment xml:lang="zh_TW">Canon CR2 原生影像</comment>
  <acronym>CR2</acronym>
  <expanded-acronym>Canon Raw 2</expanded-acronym>
  <sub-class-of type="image/x-dcraw"/>
  <sub-class-of type="image/tiff"/>
  <glob pattern="*.cr2"/>
</mime-type>
