<?xml version="1.0" encoding="utf-8"?>
<mime-type xmlns="http://www.freedesktop.org/standards/shared-mime-info" type="image/x-compressed-xcf">
  <!--Created automatically by update-mime-database. DO NOT EDIT!-->
  <comment>compressed GIMP image</comment>
  <comment xml:lang="ar">صورة GIMP مضغوطة</comment>
  <comment xml:lang="be@latin">skampresavanaja vyjava GIMP</comment>
  <comment xml:lang="bg">Изображение — GIMP, компресирано</comment>
  <comment xml:lang="ca">imatge GIMP amb compressió</comment>
  <comment xml:lang="cs">komprimovaný obrázek GIMP</comment>
  <comment xml:lang="da">komprimeret GIMP-billede</comment>
  <comment xml:lang="de">Komprimiertes GIMP-Bild</comment>
  <comment xml:lang="el">Συμπιεσμένη εικόνα GIMP</comment>
  <comment xml:lang="en_GB">compressed GIMP image</comment>
  <comment xml:lang="es">imagen GIMP comprimida</comment>
  <comment xml:lang="eu">konprimitutako GIMP irudia</comment>
  <comment xml:lang="fi">pakattu GIMP-kuva</comment>
  <comment xml:lang="fo">stappað GIMP mynd</comment>
  <comment xml:lang="fr">image GIMP compressée</comment>
  <comment xml:lang="ga">íomhá GIMP comhbhrúite</comment>
  <comment xml:lang="gl">imaxe de GIMP comprimida</comment>
  <comment xml:lang="he">תמונת GIMP מכווצת</comment>
  <comment xml:lang="hr">Sažeta GIMP slika</comment>
  <comment xml:lang="hu">tömörített GIMP kép</comment>
  <comment xml:lang="ia">Imagine GIMP comprimite</comment>
  <comment xml:lang="id">Citra GIMP terkompresi</comment>
  <comment xml:lang="it">Immagine GIMP compressa</comment>
  <comment xml:lang="ja">圧縮 GIMP 画像</comment>
  <comment xml:lang="kk">сығылған GIMP суреті</comment>
  <comment xml:lang="ko">압축된 GIMP 그림</comment>
  <comment xml:lang="lt">suglaudintas GIMP paveikslėlis</comment>
  <comment xml:lang="lv">saspiests GIMP attēls</comment>
  <comment xml:lang="nb">komprimert GIMP-bilde</comment>
  <comment xml:lang="nl">ingepakte GIMP-afbeelding</comment>
  <comment xml:lang="nn">komprimert GIMP-bilete</comment>
  <comment xml:lang="oc">imatge GIMP compressat</comment>
  <comment xml:lang="pl">Skompresowany obraz GIMP</comment>
  <comment xml:lang="pt">imagem GIMP comprimida</comment>
  <comment xml:lang="pt_BR">Imagem do GIMP compactada</comment>
  <comment xml:lang="ro">imagine comprimată GIMP</comment>
  <comment xml:lang="ru">сжатое изображение GIMP</comment>
  <comment xml:lang="sk">Komprimovaný obrázok GIMP</comment>
  <comment xml:lang="sl">Slikovna datoteka GIMP (stisnjena)</comment>
  <comment xml:lang="sq">Figurë GIMP e kompresuar</comment>
  <comment xml:lang="sr">запакована ГИМП слика</comment>
  <comment xml:lang="sv">komprimerad GIMP-bild</comment>
  <comment xml:lang="tr">sıkıştırılmış GIMP görüntüsü</comment>
  <comment xml:lang="uk">стиснене зображення GIMP</comment>
  <comment xml:lang="vi">ảnh GIMP đã nén</comment>
  <comment xml:lang="zh_CN">压缩的 GIMP 图像</comment>
  <comment xml:lang="zh_TW">壓縮版 GIMP 影像</comment>
  <glob pattern="*.xcf.gz"/>
  <glob pattern="*.xcf.bz2"/>
</mime-type>
