<?xml version="1.0" encoding="utf-8"?>
<mime-type xmlns="http://www.freedesktop.org/standards/shared-mime-info" type="image/x-dib">
  <!--Created automatically by update-mime-database. DO NOT EDIT!-->
  <comment>DIB image</comment>
  <comment xml:lang="ar">صورة DIB</comment>
  <comment xml:lang="be@latin">Vyjava DIB</comment>
  <comment xml:lang="bg">Изображение — DIB</comment>
  <comment xml:lang="ca">imatge DIB</comment>
  <comment xml:lang="cs">obrázek DIB</comment>
  <comment xml:lang="da">DIB-billede</comment>
  <comment xml:lang="de">DIB-Bild</comment>
  <comment xml:lang="el">Εικόνα DIB</comment>
  <comment xml:lang="en_GB">DIB image</comment>
  <comment xml:lang="eo">DIB-bildo</comment>
  <comment xml:lang="es">imagen DIB</comment>
  <comment xml:lang="eu">DIB irudia</comment>
  <comment xml:lang="fi">DIB-kuva</comment>
  <comment xml:lang="fo">DIB mynd</comment>
  <comment xml:lang="fr">image DIB</comment>
  <comment xml:lang="ga">íomhá DIB</comment>
  <comment xml:lang="gl">imaxe DIB</comment>
  <comment xml:lang="he">תמונת DIB</comment>
  <comment xml:lang="hr">DIB slika</comment>
  <comment xml:lang="hu">DIB kép</comment>
  <comment xml:lang="ia">Imagine DIB</comment>
  <comment xml:lang="id">Citra DIB</comment>
  <comment xml:lang="it">Immagine DIB</comment>
  <comment xml:lang="ja">DIB 画像</comment>
  <comment xml:lang="ka">DIB გამოსახულება</comment>
  <comment xml:lang="kk">DIB суреті</comment>
  <comment xml:lang="ko">DIB 그림</comment>
  <comment xml:lang="lt">DIB paveikslėlis</comment>
  <comment xml:lang="lv">DIB attēls</comment>
  <comment xml:lang="nb">DIB-bilde</comment>
  <comment xml:lang="nl">DIB-afbeelding</comment>
  <comment xml:lang="nn">DIB-bilete</comment>
  <comment xml:lang="oc">imatge DIB</comment>
  <comment xml:lang="pl">Obraz DIB</comment>
  <comment xml:lang="pt">imagem DIB</comment>
  <comment xml:lang="pt_BR">Imagem DIB</comment>
  <comment xml:lang="ro">Imagine DIB</comment>
  <comment xml:lang="ru">изображение DIB</comment>
  <comment xml:lang="sk">Obrázok DIB</comment>
  <comment xml:lang="sl">Slikovna datoteka DIB</comment>
  <comment xml:lang="sq">Figurë DIB</comment>
  <comment xml:lang="sr">ДИБ слика</comment>
  <comment xml:lang="sv">DIB-bild</comment>
  <comment xml:lang="tr">DIB görüntüsü</comment>
  <comment xml:lang="uk">зображення DIB</comment>
  <comment xml:lang="vi">Ảnh DIB</comment>
  <comment xml:lang="zh_CN">DIB 图像</comment>
  <comment xml:lang="zh_TW">DIB 影像</comment>
  <acronym>DIB</acronym>
  <expanded-acronym>Device Independent Bitmap</expanded-acronym>
</mime-type>
