<?xml version="1.0" encoding="utf-8"?>
<mime-type xmlns="http://www.freedesktop.org/standards/shared-mime-info" type="image/x-panasonic-raw2">
  <!--Created automatically by update-mime-database. DO NOT EDIT!-->
  <comment>Panasonic raw2 image</comment>
  <comment xml:lang="bg">Изображение — Panasonic raw2</comment>
  <comment xml:lang="ca">imatge «RAW2» de Panasonic</comment>
  <comment xml:lang="cs">surový obrázek Panasonic raw2</comment>
  <comment xml:lang="da">Panasonic-rå2-billede (raw)</comment>
  <comment xml:lang="de">Panasonic raw2-Bild</comment>
  <comment xml:lang="el">Ανεπεξέργαστη εικόνα Panasonic (raw2)</comment>
  <comment xml:lang="en_GB">Panasonic raw2 image</comment>
  <comment xml:lang="es">imagen en bruto raw2 de Panasonic</comment>
  <comment xml:lang="eu">Panasonic raw2 irudia</comment>
  <comment xml:lang="fi">Panasonic raw2 -kuva</comment>
  <comment xml:lang="fr">image raw2 Panasonic</comment>
  <comment xml:lang="gl">imaxe en bruto raw2 de Panasonic</comment>
  <comment xml:lang="he">תמונת raw2 של Panasonic</comment>
  <comment xml:lang="hr">Panasonic raw2 image</comment>
  <comment xml:lang="hu">Panasonic raw2 kép</comment>
  <comment xml:lang="ia">Imagine raw2 Panasonic</comment>
  <comment xml:lang="id">Image Panasonic raw2</comment>
  <comment xml:lang="it">Immagine raw2 Panasonic</comment>
  <comment xml:lang="ja">Panasonic raw2 画像</comment>
  <comment xml:lang="kk">Panasonic raw2 суреті</comment>
  <comment xml:lang="ko">파나소닉 RAW2 사진</comment>
  <comment xml:lang="lv">Panasonic raw2 jēlattēls</comment>
  <comment xml:lang="nl">Panasonic raw2 image</comment>
  <comment xml:lang="oc">imatge raw2 Panasonic</comment>
  <comment xml:lang="pl">Obraz raw2 Panasonic</comment>
  <comment xml:lang="pt">imagem em bruto Panasonic</comment>
  <comment xml:lang="pt_BR">Imagem raw2 da Panasonic</comment>
  <comment xml:lang="ru">необработанное изображение Panasonic RAW 2</comment>
  <comment xml:lang="sk">Surový obrázok Panasonic raw2</comment>
  <comment xml:lang="sl">Slikovna datoteka Panasonic raw2</comment>
  <comment xml:lang="sr">Панасоник сирова2 слика</comment>
  <comment xml:lang="sv">Panasonic raw2-bild</comment>
  <comment xml:lang="tr">Panasonic raw2 görüntüsü</comment>
  <comment xml:lang="uk">зображення формату raw2 Panasonic</comment>
  <comment xml:lang="zh_CN">Panasonic raw2 图像</comment>
  <comment xml:lang="zh_TW">Panasonic raw2 影像</comment>
  <sub-class-of type="image/x-dcraw"/>
  <glob pattern="*.rw2"/>
</mime-type>
