<?xml version="1.0" encoding="utf-8"?>
<mime-type xmlns="http://www.freedesktop.org/standards/shared-mime-info" type="image/x-portable-graymap">
  <!--Created automatically by update-mime-database. DO NOT EDIT!-->
  <comment>PGM image</comment>
  <comment xml:lang="ar">صورة PGM</comment>
  <comment xml:lang="be@latin">Vyjava PGM</comment>
  <comment xml:lang="bg">Изображение — PGM</comment>
  <comment xml:lang="ca">imatge PGM</comment>
  <comment xml:lang="cs">obrázek PGM</comment>
  <comment xml:lang="cy">Delwedd PGM</comment>
  <comment xml:lang="da">PGM-billede</comment>
  <comment xml:lang="de">PGM-Bild</comment>
  <comment xml:lang="el">Εικόνα PGM</comment>
  <comment xml:lang="en_GB">PGM image</comment>
  <comment xml:lang="eo">PGM-bildo</comment>
  <comment xml:lang="es">imagen PGM</comment>
  <comment xml:lang="eu">PGM irudia</comment>
  <comment xml:lang="fi">PGM-kuva</comment>
  <comment xml:lang="fo">PGM mynd</comment>
  <comment xml:lang="fr">image PGM</comment>
  <comment xml:lang="ga">íomhá PGM</comment>
  <comment xml:lang="gl">imaxe PGM</comment>
  <comment xml:lang="he">תמונת PGM</comment>
  <comment xml:lang="hr">PGM slika</comment>
  <comment xml:lang="hu">PGM kép</comment>
  <comment xml:lang="ia">Imagine PGM</comment>
  <comment xml:lang="id">Citra PGM</comment>
  <comment xml:lang="it">Immagine PGM</comment>
  <comment xml:lang="ja">PGM 画像</comment>
  <comment xml:lang="kk">PGM суреті</comment>
  <comment xml:lang="ko">PGM 그림</comment>
  <comment xml:lang="lt">PGM paveikslėlis</comment>
  <comment xml:lang="lv">PGM attēls</comment>
  <comment xml:lang="nb">PGM-bilde</comment>
  <comment xml:lang="nl">PGM-afbeelding</comment>
  <comment xml:lang="nn">PGM-bilete</comment>
  <comment xml:lang="oc">imatge PGM</comment>
  <comment xml:lang="pl">Obraz PGM</comment>
  <comment xml:lang="pt">imagem PGM</comment>
  <comment xml:lang="pt_BR">Imagem PGM</comment>
  <comment xml:lang="ro">Imagine PGM</comment>
  <comment xml:lang="ru">изображение PGM</comment>
  <comment xml:lang="sk">Obrázok PGM</comment>
  <comment xml:lang="sl">Slikovna datoteka PGM</comment>
  <comment xml:lang="sq">Figurë PGM</comment>
  <comment xml:lang="sr">ПГМ слика</comment>
  <comment xml:lang="sv">PGM-bild</comment>
  <comment xml:lang="tr">PGM görüntüsü</comment>
  <comment xml:lang="uk">зображення PGM</comment>
  <comment xml:lang="vi">Ảnh PGM</comment>
  <comment xml:lang="zh_CN">PGM 图像</comment>
  <comment xml:lang="zh_TW">PGM 影像</comment>
  <acronym>PGM</acronym>
  <expanded-acronym>Portable GrayMap</expanded-acronym>
  <sub-class-of type="image/x-portable-anymap"/>
  <glob pattern="*.pgm"/>
</mime-type>
