<?xml version="1.0" encoding="utf-8"?>
<mime-type xmlns="http://www.freedesktop.org/standards/shared-mime-info" type="image/x-skencil">
  <!--Created automatically by update-mime-database. DO NOT EDIT!-->
  <comment>Skencil document</comment>
  <comment xml:lang="ar">مستند Skencil</comment>
  <comment xml:lang="be@latin">Dakument Skencil</comment>
  <comment xml:lang="bg">Документ — Skencil</comment>
  <comment xml:lang="ca">document Skencil</comment>
  <comment xml:lang="cs">dokument Skencil</comment>
  <comment xml:lang="da">Skencildokument</comment>
  <comment xml:lang="de">Skencil-Dokument</comment>
  <comment xml:lang="el">Έγγραφο Skencil</comment>
  <comment xml:lang="en_GB">Skencil document</comment>
  <comment xml:lang="eo">Skencil-dokumento</comment>
  <comment xml:lang="es">documento de Skencil</comment>
  <comment xml:lang="eu">Skencil dokumentua</comment>
  <comment xml:lang="fi">Skencil-asiakirja</comment>
  <comment xml:lang="fo">Skencil skjal</comment>
  <comment xml:lang="fr">document Skencil</comment>
  <comment xml:lang="ga">cáipéis Skencil</comment>
  <comment xml:lang="gl">documento Skencil</comment>
  <comment xml:lang="he">מסמך Skencil</comment>
  <comment xml:lang="hr">Skencil dokument</comment>
  <comment xml:lang="hu">Skencil-dokumentum</comment>
  <comment xml:lang="ia">Documento Skencil</comment>
  <comment xml:lang="id">Dokumen Skencil</comment>
  <comment xml:lang="it">Documento Skencil</comment>
  <comment xml:lang="ja">Skencil ドキュメント</comment>
  <comment xml:lang="kk">Skencil құжаты</comment>
  <comment xml:lang="ko">Skencil 문서</comment>
  <comment xml:lang="lt">Skencil dokumentas</comment>
  <comment xml:lang="lv">Skencil dokuments</comment>
  <comment xml:lang="nl">Skencil-document</comment>
  <comment xml:lang="nn">Skencil-dokument</comment>
  <comment xml:lang="oc">document Skencil</comment>
  <comment xml:lang="pl">Dokument Skencil</comment>
  <comment xml:lang="pt">documento Skencil</comment>
  <comment xml:lang="pt_BR">Documento do Skencil</comment>
  <comment xml:lang="ro">Document Skencil</comment>
  <comment xml:lang="ru">документ Skencil</comment>
  <comment xml:lang="sk">Dokument Skencil</comment>
  <comment xml:lang="sl">Dokument Skencil</comment>
  <comment xml:lang="sq">Dokument Skencil</comment>
  <comment xml:lang="sr">Скенцил документ</comment>
  <comment xml:lang="sv">Skencil-dokument</comment>
  <comment xml:lang="tr">Skencil belgesi</comment>
  <comment xml:lang="uk">документ Skencil</comment>
  <comment xml:lang="vi">Tài liệu Skencil</comment>
  <comment xml:lang="zh_CN">Skencil 文档</comment>
  <comment xml:lang="zh_TW">Skencil 文件</comment>
  <glob pattern="*.sk"/>
  <glob pattern="*.sk1"/>
</mime-type>
