<?xml version="1.0" encoding="utf-8"?>
<mime-type xmlns="http://www.freedesktop.org/standards/shared-mime-info" type="image/x-xbitmap">
  <!--Created automatically by update-mime-database. DO NOT EDIT!-->
  <comment>XBM image</comment>
  <comment xml:lang="ar">صورة XBM</comment>
  <comment xml:lang="be@latin">Vyjava XBM</comment>
  <comment xml:lang="bg">Изображение — XBM</comment>
  <comment xml:lang="ca">imatge XBM</comment>
  <comment xml:lang="cs">obrázek XBM</comment>
  <comment xml:lang="da">XBM-billede</comment>
  <comment xml:lang="de">XBM-Bild</comment>
  <comment xml:lang="el">Εικόνα XBM</comment>
  <comment xml:lang="en_GB">XBM image</comment>
  <comment xml:lang="eo">XBM-bildo</comment>
  <comment xml:lang="es">imagen XBM</comment>
  <comment xml:lang="eu">XBM irudia</comment>
  <comment xml:lang="fi">XBM-kuva</comment>
  <comment xml:lang="fo">XBM mynd</comment>
  <comment xml:lang="fr">image XBM</comment>
  <comment xml:lang="ga">íomhá XBM</comment>
  <comment xml:lang="gl">imaxe XBM</comment>
  <comment xml:lang="he">תמונת XBM</comment>
  <comment xml:lang="hr">XBM slika</comment>
  <comment xml:lang="hu">XBM-kép</comment>
  <comment xml:lang="ia">Imagine XBM</comment>
  <comment xml:lang="id">Citra XBM</comment>
  <comment xml:lang="it">Immagine XBM</comment>
  <comment xml:lang="ja">XBM 画像</comment>
  <comment xml:lang="kk">XBM суреті</comment>
  <comment xml:lang="ko">XBM 그림</comment>
  <comment xml:lang="lt">XBM paveikslėlis</comment>
  <comment xml:lang="lv">XBM attēls</comment>
  <comment xml:lang="nb">XBM-bilde</comment>
  <comment xml:lang="nl">XBM-afbeelding</comment>
  <comment xml:lang="nn">XBM-bilete</comment>
  <comment xml:lang="oc">imatge XBM</comment>
  <comment xml:lang="pl">Obraz XBM</comment>
  <comment xml:lang="pt">imagem XBM</comment>
  <comment xml:lang="pt_BR">Imagem XBM</comment>
  <comment xml:lang="ro">Imagine XBM</comment>
  <comment xml:lang="ru">изображение XBM</comment>
  <comment xml:lang="sk">Obrázok XBM</comment>
  <comment xml:lang="sl">Slikovna datoteka XBM</comment>
  <comment xml:lang="sq">Figurë XBM</comment>
  <comment xml:lang="sr">ИксБМ слика</comment>
  <comment xml:lang="sv">XBM-bild</comment>
  <comment xml:lang="tr">XBM görüntüsü</comment>
  <comment xml:lang="uk">зображення XBM</comment>
  <comment xml:lang="vi">Ảnh XBM</comment>
  <comment xml:lang="zh_CN">XBM 图像</comment>
  <comment xml:lang="zh_TW">XBM 影像</comment>
  <acronym>XBM</acronym>
  <expanded-acronym>X BitMap</expanded-acronym>
  <glob pattern="*.xbm"/>
</mime-type>
