<?xml version="1.0" encoding="utf-8"?>
<mime-type xmlns="http://www.freedesktop.org/standards/shared-mime-info" type="application/gzip">
  <!--Created automatically by update-mime-database. DO NOT EDIT!-->
  <comment>Gzip archive</comment>
  <comment xml:lang="ar">أرشيف Gzip</comment>
  <comment xml:lang="be@latin">Archiŭ gzip</comment>
  <comment xml:lang="bg">Архив — gzip</comment>
  <comment xml:lang="ca">arxiu gzip</comment>
  <comment xml:lang="cs">archiv gzip</comment>
  <comment xml:lang="da">Gzip-arkiv</comment>
  <comment xml:lang="de">Gzip-Archiv</comment>
  <comment xml:lang="el">Συμπιεσμένο αρχείο Gzip</comment>
  <comment xml:lang="en_GB">Gzip archive</comment>
  <comment xml:lang="eo">Gzip-arkivo</comment>
  <comment xml:lang="es">archivador Gzip</comment>
  <comment xml:lang="eu">Gzip artxiboa</comment>
  <comment xml:lang="fi">Gzip-arkisto</comment>
  <comment xml:lang="fo">Gzip skjalasavn</comment>
  <comment xml:lang="fr">archive gzip</comment>
  <comment xml:lang="ga">cartlann Gzip</comment>
  <comment xml:lang="gl">arquivo Gzip</comment>
  <comment xml:lang="he">ארכיון Gzip</comment>
  <comment xml:lang="hr">Gzip arhiva</comment>
  <comment xml:lang="hu">Gzip archívum</comment>
  <comment xml:lang="ia">Archivo Gzip</comment>
  <comment xml:lang="id">Arsip Gzip</comment>
  <comment xml:lang="it">Archivio gzip</comment>
  <comment xml:lang="ja">Gzip アーカイブ</comment>
  <comment xml:lang="kk">Gzip архиві</comment>
  <comment xml:lang="ko">GZIP 압축 파일</comment>
  <comment xml:lang="lt">Gzip archyvas</comment>
  <comment xml:lang="lv">Gzip arhīvs</comment>
  <comment xml:lang="nb">Gzip-arkiv</comment>
  <comment xml:lang="nl">Gzip-archief</comment>
  <comment xml:lang="nn">Gzip-arkiv</comment>
  <comment xml:lang="oc">archiu gzip</comment>
  <comment xml:lang="pl">Archiwum gzip</comment>
  <comment xml:lang="pt">arquivo Gzip</comment>
  <comment xml:lang="pt_BR">Pacote Gzip</comment>
  <comment xml:lang="ro">Arhivă Gzip</comment>
  <comment xml:lang="ru">архив GZIP</comment>
  <comment xml:lang="sk">Archív gzip</comment>
  <comment xml:lang="sl">Datoteka arhiva Gzip</comment>
  <comment xml:lang="sq">Arkiv gzip</comment>
  <comment xml:lang="sr">Гзип архива</comment>
  <comment xml:lang="sv">Gzip-arkiv</comment>
  <comment xml:lang="tr">Gzip arşivi</comment>
  <comment xml:lang="uk">архів gzip</comment>
  <comment xml:lang="vi">Kho nén gzip</comment>
  <comment xml:lang="zh_CN">Gzip 归档文件</comment>
  <comment xml:lang="zh_TW">Gzip 封存檔</comment>
  <generic-icon name="package-x-generic"/>
  <glob pattern="*.gz"/>
  <alias type="application/x-gzip"/>
</mime-type>
