<?xml version="1.0" encoding="utf-8"?>
<mime-type xmlns="http://www.freedesktop.org/standards/shared-mime-info" type="application/illustrator">
  <!--Created automatically by update-mime-database. DO NOT EDIT!-->
  <comment>Adobe Illustrator document</comment>
  <comment xml:lang="ar">مستند أدوبي المصور</comment>
  <comment xml:lang="be@latin">Dakument Adobe Illustrator</comment>
  <comment xml:lang="bg">Документ — Adobe Illustrator</comment>
  <comment xml:lang="ca">document d'Adobe Illustrator</comment>
  <comment xml:lang="cs">dokument Adobe Illustrator</comment>
  <comment xml:lang="da">Adobe Illustrator-dokument</comment>
  <comment xml:lang="de">Adobe-Illustrator-Dokument</comment>
  <comment xml:lang="el">Έγγραφο Adobe Illustrator</comment>
  <comment xml:lang="en_GB">Adobe Illustrator document</comment>
  <comment xml:lang="eo">dokumento de Adobe Illustrator</comment>
  <comment xml:lang="es">documento de Adobe Illustrator</comment>
  <comment xml:lang="eu">Adobe Illustrator dokumentua</comment>
  <comment xml:lang="fi">Adobe Illustrator -asiakirja</comment>
  <comment xml:lang="fo">Adobe Illustrator skjal</comment>
  <comment xml:lang="fr">document Adobe Illustrator</comment>
  <comment xml:lang="ga">cáipéis Adobe Illustrator</comment>
  <comment xml:lang="gl">documento de Adobe Ilustrator</comment>
  <comment xml:lang="he">מסמך Adobe Ill</comment>
  <comment xml:lang="hr">Adobe Illustrator dokument</comment>
  <comment xml:lang="hu">Adobe Illustrator-dokumentum</comment>
  <comment xml:lang="ia">Documento Adobe Illustrator</comment>
  <comment xml:lang="id">Dokumen Adobe Illustrator</comment>
  <comment xml:lang="it">Documento Adobe Illustrator</comment>
  <comment xml:lang="ja">Adobe Illustrator ドキュメント</comment>
  <comment xml:lang="ka">Adobe Illustrator-ის დოკუმენტი</comment>
  <comment xml:lang="kk">Adobe Illustrator құжаты</comment>
  <comment xml:lang="ko">Adobe Illustrator 문서</comment>
  <comment xml:lang="lt">Adobe Illustrator dokumentas</comment>
  <comment xml:lang="lv">Adobe Illustrator dokuments</comment>
  <comment xml:lang="ms">Dokumen Adobe Illustrator</comment>
  <comment xml:lang="nb">Adobe Illustrator-dokument</comment>
  <comment xml:lang="nl">Adobe Illustrator-document</comment>
  <comment xml:lang="nn">Adobe Illustrator-dokument</comment>
  <comment xml:lang="oc">document Adobe Illustrator</comment>
  <comment xml:lang="pl">Dokument Adobe Illustrator</comment>
  <comment xml:lang="pt">documento Adobe Illustrator</comment>
  <comment xml:lang="pt_BR">Documento do Adobe Illustrator</comment>
  <comment xml:lang="ro">Document Adobe Illustrator</comment>
  <comment xml:lang="ru">документ Adobe Illustrator</comment>
  <comment xml:lang="sk">Dokument Adobe Illustrator</comment>
  <comment xml:lang="sl">Dokument Adobe Illustrator</comment>
  <comment xml:lang="sq">Dokument Adobe Illustrator</comment>
  <comment xml:lang="sr">документ Адобе Илустратора</comment>
  <comment xml:lang="sv">Adobe Illustrator-dokument</comment>
  <comment xml:lang="tr">Adobe Illustrator belgesi</comment>
  <comment xml:lang="uk">документ Adobe Illustrator</comment>
  <comment xml:lang="vi">Tài liệu Adobe Illustrator</comment>
  <comment xml:lang="zh_CN">Adobe Illustrator 文档</comment>
  <comment xml:lang="zh_TW">Adobe Illustrator 文件</comment>
  <generic-icon name="image-x-generic"/>
  <glob pattern="*.ai"/>
</mime-type>
