<?xml version="1.0" encoding="utf-8"?>
<mime-type xmlns="http://www.freedesktop.org/standards/shared-mime-info" type="application/jrd+json">
  <!--Created automatically by update-mime-database. DO NOT EDIT!-->
  <comment>JRD document</comment>
  <comment xml:lang="ca">document JRD</comment>
  <comment xml:lang="cs">dokument JRD</comment>
  <comment xml:lang="da">JRD-dokument</comment>
  <comment xml:lang="de">JRD-Dokument</comment>
  <comment xml:lang="el">Έγγραφο JRD</comment>
  <comment xml:lang="en_GB">JRD document</comment>
  <comment xml:lang="es">documento JRD</comment>
  <comment xml:lang="eu">JRD dokumentua</comment>
  <comment xml:lang="fi">JRD-asiakirja</comment>
  <comment xml:lang="fr">document JRD</comment>
  <comment xml:lang="he">מסמך JRD</comment>
  <comment xml:lang="hr">JRD dokument</comment>
  <comment xml:lang="hu">JRD dokumentum</comment>
  <comment xml:lang="ia">Documento JRD</comment>
  <comment xml:lang="id">Dokumen JRD</comment>
  <comment xml:lang="it">Documento JRD</comment>
  <comment xml:lang="kk">JRD құжаты</comment>
  <comment xml:lang="ko">JRD 문서</comment>
  <comment xml:lang="oc">document JRD</comment>
  <comment xml:lang="pl">Dokument JRD</comment>
  <comment xml:lang="pt">doxumento JRD</comment>
  <comment xml:lang="pt_BR">Documento JRD</comment>
  <comment xml:lang="ru">документ JRD</comment>
  <comment xml:lang="sk">Dokument JRD</comment>
  <comment xml:lang="sr">ЈРД документ</comment>
  <comment xml:lang="sv">JRD-dokument</comment>
  <comment xml:lang="tr">JRD belgesi</comment>
  <comment xml:lang="uk">документ JRD</comment>
  <comment xml:lang="zh_CN">JRD 文档</comment>
  <comment xml:lang="zh_TW">JRD 文件</comment>
  <acronym>JRD</acronym>
  <expanded-acronym>JSON Resource Descriptor</expanded-acronym>
  <sub-class-of type="application/json"/>
  <generic-icon name="text-x-script"/>
  <glob pattern="*.jrd"/>
</mime-type>
