<?xml version="1.0" encoding="utf-8"?>
<mime-type xmlns="http://www.freedesktop.org/standards/shared-mime-info" type="application/mbox">
  <!--Created automatically by update-mime-database. DO NOT EDIT!-->
  <comment>mailbox file</comment>
  <comment xml:lang="ar">ملف صندوق البريد</comment>
  <comment xml:lang="be@latin">fajł paštovaj skryni</comment>
  <comment xml:lang="bg">Файл — Mailbox</comment>
  <comment xml:lang="ca">fitxer mailbox</comment>
  <comment xml:lang="cs">soubor mailbox</comment>
  <comment xml:lang="da">postkassefil</comment>
  <comment xml:lang="de">Mailbox-Datei</comment>
  <comment xml:lang="el">Αρχείο mailbox</comment>
  <comment xml:lang="en_GB">mailbox file</comment>
  <comment xml:lang="es">archivo de buzón de correo</comment>
  <comment xml:lang="eu">mailbox fitxategia</comment>
  <comment xml:lang="fi">mailbox-tiedosto</comment>
  <comment xml:lang="fo">postkassafíla</comment>
  <comment xml:lang="fr">fichier boîte aux lettres</comment>
  <comment xml:lang="ga">comhad bhosca poist</comment>
  <comment xml:lang="gl">ficheiro de caixa de correo</comment>
  <comment xml:lang="he">קובץ תיבת-דואר</comment>
  <comment xml:lang="hr">datoteka poštanskog sandučića</comment>
  <comment xml:lang="hu">mailbox fájl</comment>
  <comment xml:lang="ia">File de cassa postal</comment>
  <comment xml:lang="id">berkas kotak surat</comment>
  <comment xml:lang="it">File mailbox</comment>
  <comment xml:lang="ja">メールボックスファイル</comment>
  <comment xml:lang="kk">пошта жәшігінің файлы</comment>
  <comment xml:lang="ko">메일함 파일</comment>
  <comment xml:lang="lt">pašto dėžutės failas</comment>
  <comment xml:lang="lv">pastkastītes datne</comment>
  <comment xml:lang="nb">postboksfil</comment>
  <comment xml:lang="nl">mailbox-bestand</comment>
  <comment xml:lang="nn">mailbox-fil</comment>
  <comment xml:lang="oc">fichièr bóstia de letras</comment>
  <comment xml:lang="pl">Plik poczty (Mailbox)</comment>
  <comment xml:lang="pt">ficheiro de caixa de correio</comment>
  <comment xml:lang="pt_BR">Arquivo de caixa de correio</comment>
  <comment xml:lang="ro">fișier căsuță poștală</comment>
  <comment xml:lang="ru">файл почтового ящика</comment>
  <comment xml:lang="sk">Súbor mailbox</comment>
  <comment xml:lang="sl">datoteka poštnega predala</comment>
  <comment xml:lang="sq">File mailbox</comment>
  <comment xml:lang="sr">датотека поштанског сандучета</comment>
  <comment xml:lang="sv">brevlådefil</comment>
  <comment xml:lang="tr">posta kutusu dosyası</comment>
  <comment xml:lang="uk">файл поштової скриньки</comment>
  <comment xml:lang="vi">tập tin hộp thư</comment>
  <comment xml:lang="zh_CN">mailbox 文件</comment>
  <comment xml:lang="zh_TW">郵箱檔</comment>
  <generic-icon name="text-x-generic"/>
  <sub-class-of type="text/plain"/>
  <glob pattern="*.mbox"/>
</mime-type>
