<?xml version="1.0" encoding="utf-8"?>
<mime-type xmlns="http://www.freedesktop.org/standards/shared-mime-info" type="application/pkix-crl">
  <!--Created automatically by update-mime-database. DO NOT EDIT!-->
  <comment>Certificate revocation list</comment>
  <comment xml:lang="ar">قائمة إبطال الشهادات</comment>
  <comment xml:lang="bg">Списък с отхвърлени сертификати</comment>
  <comment xml:lang="ca">llista de revocació de certificats</comment>
  <comment xml:lang="cs">seznam odvolaných certifikátů</comment>
  <comment xml:lang="da">Certifikattilbagekaldelsesliste</comment>
  <comment xml:lang="de">Liste widerrufener Zertifikate</comment>
  <comment xml:lang="el">Λίστα ανάκλησης πιστοποιητικού</comment>
  <comment xml:lang="en_GB">Certificate revocation list</comment>
  <comment xml:lang="es">lista de revocación de certificados</comment>
  <comment xml:lang="eu">Ziurtagiri-errebokatzeen zerrenda</comment>
  <comment xml:lang="fi">Varmenteiden sulkulista</comment>
  <comment xml:lang="fo">Prógv afturtøkulisti</comment>
  <comment xml:lang="fr">liste de révocation de certificat</comment>
  <comment xml:lang="ga">liosta teastas cúlghairmthe</comment>
  <comment xml:lang="gl">lista de certificados de revogación</comment>
  <comment xml:lang="he">רשימת אישורים מבוטלים</comment>
  <comment xml:lang="hr">popis povučenih certifikata</comment>
  <comment xml:lang="hu">Tanúsítvány-visszavonási lista</comment>
  <comment xml:lang="ia">Lista de revocation de certificatos</comment>
  <comment xml:lang="id">Daftar pencabutan sertificat (CRL)</comment>
  <comment xml:lang="it">Elenco certificati di revoca</comment>
  <comment xml:lang="ja">証明書失効リスト</comment>
  <comment xml:lang="kk">Сертификатты қайта шақыру тізімі</comment>
  <comment xml:lang="ko">인증서 철회 목록</comment>
  <comment xml:lang="lt">Panaikintų liudijimų sąrašas</comment>
  <comment xml:lang="lv">Sertifikātu atsaukšanu saraksts</comment>
  <comment xml:lang="nl">Certificaat revocation lijst</comment>
  <comment xml:lang="oc">lista de revocacion de certificat</comment>
  <comment xml:lang="pl">Lista unieważnień certyfikatów</comment>
  <comment xml:lang="pt">lista de revogação de certificados</comment>
  <comment xml:lang="pt_BR">Lista de revogação de certificado</comment>
  <comment xml:lang="ro">Listă de revocare a certificatelor</comment>
  <comment xml:lang="ru">Список аннулирования сертификатов</comment>
  <comment xml:lang="sk">Zoznam zrušených certifikátov</comment>
  <comment xml:lang="sl">Datoteka seznama preklica potrdil</comment>
  <comment xml:lang="sr">списак повлачења уверења</comment>
  <comment xml:lang="sv">Spärrlista för certifikat</comment>
  <comment xml:lang="tr">Sertifika iptal listesi</comment>
  <comment xml:lang="uk">список відкликання сертифікатів</comment>
  <comment xml:lang="zh_CN">证书吊销列表</comment>
  <comment xml:lang="zh_TW">憑證撤銷清單</comment>
  <glob pattern="*.crl"/>
</mime-type>
