<?xml version="1.0" encoding="utf-8"?>
<mime-type xmlns="http://www.freedesktop.org/standards/shared-mime-info" type="application/raml+yaml">
  <!--Created automatically by update-mime-database. DO NOT EDIT!-->
  <comment>RAML document</comment>
  <comment xml:lang="ca">document RAML</comment>
  <comment xml:lang="da">RAML-dokument</comment>
  <comment xml:lang="de">RAML-Dokument</comment>
  <comment xml:lang="es">documento RAML</comment>
  <comment xml:lang="fi">RAML-asiakirja</comment>
  <comment xml:lang="fr">document RAML</comment>
  <comment xml:lang="he">מסמך RAML</comment>
  <comment xml:lang="hu">RAML dokumentum</comment>
  <comment xml:lang="kk">RAML құжаты</comment>
  <comment xml:lang="ko">RAML 문서</comment>
  <comment xml:lang="pl">Dokument RAML</comment>
  <comment xml:lang="pt_BR">Documento RAML</comment>
  <comment xml:lang="ru">документ RAML</comment>
  <comment xml:lang="sk">Dokument RAML</comment>
  <comment xml:lang="uk">документ RAML</comment>
  <comment xml:lang="zh_CN">RAML 文档</comment>
  <comment xml:lang="zh_TW">RAML 文件</comment>
  <acronym>RAML</acronym>
  <expanded-acronym>RESTful API Modeling Language</expanded-acronym>
  <sub-class-of type="application/x-yaml"/>
  <glob pattern="*.raml"/>
</mime-type>
