<?xml version="1.0" encoding="utf-8"?>
<mime-type xmlns="http://www.freedesktop.org/standards/shared-mime-info" type="application/vnd.oasis.opendocument.text">
  <!--Created automatically by update-mime-database. DO NOT EDIT!-->
  <comment>ODT document</comment>
  <comment xml:lang="ar">مستند ODT</comment>
  <comment xml:lang="be@latin">Dakument ODT</comment>
  <comment xml:lang="bg">Документ — ODT</comment>
  <comment xml:lang="ca">document ODT</comment>
  <comment xml:lang="cs">dokument ODT</comment>
  <comment xml:lang="da">ODT-dokument</comment>
  <comment xml:lang="de">ODT-Dokument</comment>
  <comment xml:lang="el">Έγγραφο ODT</comment>
  <comment xml:lang="en_GB">ODT document</comment>
  <comment xml:lang="eo">ODT-dokumento</comment>
  <comment xml:lang="es">documento ODT</comment>
  <comment xml:lang="eu">ODT dokumentua</comment>
  <comment xml:lang="fi">ODT-asiakirja</comment>
  <comment xml:lang="fo">ODT skjal</comment>
  <comment xml:lang="fr">document ODT</comment>
  <comment xml:lang="ga">cáipéis ODT</comment>
  <comment xml:lang="gl">documento ODT</comment>
  <comment xml:lang="he">מסמך ODT</comment>
  <comment xml:lang="hr">ODT dokument</comment>
  <comment xml:lang="hu">ODT-dokumentum</comment>
  <comment xml:lang="ia">Documento ODT</comment>
  <comment xml:lang="id">Dokumen ODT</comment>
  <comment xml:lang="it">Documento ODT</comment>
  <comment xml:lang="ja">ODT ドキュメント</comment>
  <comment xml:lang="ka">ODT დოკუმენტი</comment>
  <comment xml:lang="kk">ODT құжаты</comment>
  <comment xml:lang="ko">ODT 문서</comment>
  <comment xml:lang="lt">ODT dokumentas</comment>
  <comment xml:lang="lv">ODT dokuments</comment>
  <comment xml:lang="nb">ODT-dokument</comment>
  <comment xml:lang="nl">ODT-document</comment>
  <comment xml:lang="nn">ODT-dokument</comment>
  <comment xml:lang="oc">document ODT</comment>
  <comment xml:lang="pl">Dokument ODT</comment>
  <comment xml:lang="pt">documento ODT</comment>
  <comment xml:lang="pt_BR">Documento ODT</comment>
  <comment xml:lang="ro">Document ODT</comment>
  <comment xml:lang="ru">документ ODT</comment>
  <comment xml:lang="sk">Dokument ODT</comment>
  <comment xml:lang="sl">Dokument ODT</comment>
  <comment xml:lang="sq">Dokument ODT</comment>
  <comment xml:lang="sr">ОДТ документ</comment>
  <comment xml:lang="sv">ODT-dokument</comment>
  <comment xml:lang="tr">ODT belgesi</comment>
  <comment xml:lang="uk">документ ODT</comment>
  <comment xml:lang="vi">Tài liệu ODT</comment>
  <comment xml:lang="zh_CN">ODT 文档</comment>
  <comment xml:lang="zh_TW">ODT 文件</comment>
  <acronym>ODT</acronym>
  <expanded-acronym>OpenDocument Text</expanded-acronym>
  <generic-icon name="x-office-document"/>
  <glob pattern="*.odt"/>
</mime-type>
