<?xml version="1.0" encoding="utf-8"?>
<mime-type xmlns="http://www.freedesktop.org/standards/shared-mime-info" type="application/vnd.ms-powerpoint.slide.macroEnabled.12">
  <!--Created automatically by update-mime-database. DO NOT EDIT!-->
  <comment>PowerPoint slide</comment>
  <comment xml:lang="ca">dispositiva de PowerPoint</comment>
  <comment xml:lang="cs">promítání PowerPoint</comment>
  <comment xml:lang="da">PowerPoint-dias</comment>
  <comment xml:lang="de">PowerPoint-Folie</comment>
  <comment xml:lang="el">Διαφάνεια PowerPoint</comment>
  <comment xml:lang="en_GB">PowerPoint slide</comment>
  <comment xml:lang="es">diapositiva de PowerPoint</comment>
  <comment xml:lang="eu">PowerPoint diapositiba</comment>
  <comment xml:lang="fi">PowerPoint-dia</comment>
  <comment xml:lang="fr">diapositive PowerPoint</comment>
  <comment xml:lang="he">שקופית של PowerPoint</comment>
  <comment xml:lang="hr">PowerPoint prezentacija</comment>
  <comment xml:lang="hu">PowerPoint dia</comment>
  <comment xml:lang="ia">Diapositiva PowerPoint</comment>
  <comment xml:lang="id">Salindia PowerPoint</comment>
  <comment xml:lang="it">Diapositiva PowerPoint</comment>
  <comment xml:lang="kk">PowerPoint слайды</comment>
  <comment xml:lang="ko">파워포인트 슬라이드</comment>
  <comment xml:lang="oc">Diapositiva PowerPoint</comment>
  <comment xml:lang="pl">Slajd PowerPoint</comment>
  <comment xml:lang="pt">diapositivo PowerPoint</comment>
  <comment xml:lang="pt_BR">Slide do PowerPoint</comment>
  <comment xml:lang="ru">слайд PowerPoint</comment>
  <comment xml:lang="sk">Snímka aplikácie PowerPoint</comment>
  <comment xml:lang="sr">Слајд Пауер Поинта</comment>
  <comment xml:lang="sv">PowerPoint-bildspel</comment>
  <comment xml:lang="tr">PowerPoint sunusu</comment>
  <comment xml:lang="uk">слайд PowerPoint</comment>
  <comment xml:lang="zh_CN">PowerPoint 文稿</comment>
  <comment xml:lang="zh_TW">PowerPoint 投影片</comment>
  <generic-icon name="x-office-presentation"/>
  <glob pattern="*.sldm"/>
  <sub-class-of type="application/vnd.openxmlformats-officedocument.presentationml.slide"/>
</mime-type>
