<?xml version="1.0" encoding="utf-8"?>
<mime-type xmlns="http://www.freedesktop.org/standards/shared-mime-info" type="application/vnd.framemaker">
  <!--Created automatically by update-mime-database. DO NOT EDIT!-->
  <comment>Adobe FrameMaker document</comment>
  <comment xml:lang="ar">مستند أدوبي الصانع للإطارات</comment>
  <comment xml:lang="be@latin">Dakument Adobe FrameMaker</comment>
  <comment xml:lang="bg">Документ — Adobe FrameMaker</comment>
  <comment xml:lang="ca">document d'Adobe FrameMaker</comment>
  <comment xml:lang="cs">dokument Adobe FrameMaker</comment>
  <comment xml:lang="da">Adobe FrameMaker-dokument</comment>
  <comment xml:lang="de">Adobe-FrameMaker-Dokument</comment>
  <comment xml:lang="el">Έγγραφο Adobe FrameMaker</comment>
  <comment xml:lang="en_GB">Adobe FrameMaker document</comment>
  <comment xml:lang="eo">Dokumento de Adobe FrameMaker</comment>
  <comment xml:lang="es">documento de Adobe FrameMaker</comment>
  <comment xml:lang="eu">Adobe FrameMaker-en dokumentua</comment>
  <comment xml:lang="fi">Adobe FrameMaker -asiakirja</comment>
  <comment xml:lang="fo">Adobe FrameMaker skjal</comment>
  <comment xml:lang="fr">document Adobe FrameMaker</comment>
  <comment xml:lang="ga">cáipéis Adobe FrameMaker</comment>
  <comment xml:lang="gl">documento de Adobe FrameMaker</comment>
  <comment xml:lang="he">מסמך Adobe FrameMaker</comment>
  <comment xml:lang="hr">Adobe FrameMaker dokument</comment>
  <comment xml:lang="hu">Adobe FrameMaker-dokumentum</comment>
  <comment xml:lang="ia">Documento Adobe FrameMaker</comment>
  <comment xml:lang="id">Dokumen Adobe FrameMaker</comment>
  <comment xml:lang="it">Documento Adobe FrameMaker</comment>
  <comment xml:lang="ja">Adobe FrameMaker ドキュメント</comment>
  <comment xml:lang="ka">Adobe FrameMaker-ის დოკუმენტი</comment>
  <comment xml:lang="kk">Adobe FrameMaker құжаты</comment>
  <comment xml:lang="ko">Adobe 프레임메이커 문서</comment>
  <comment xml:lang="lt">Adobe FrameMaker dokumentas</comment>
  <comment xml:lang="lv">Adobe FrameMaker dokuments</comment>
  <comment xml:lang="nb">Adobe FrameMaker-dokument</comment>
  <comment xml:lang="nl">Adobe FrameMaker-document</comment>
  <comment xml:lang="nn">Adobe FrameMaker-dokument</comment>
  <comment xml:lang="oc">document Adobe FrameMaker</comment>
  <comment xml:lang="pl">Dokument Adobe FrameMaker</comment>
  <comment xml:lang="pt">documento Adobe FrameMaker</comment>
  <comment xml:lang="pt_BR">Documento do Adobe FrameMaker</comment>
  <comment xml:lang="ro">Document Adobe FrameMaker</comment>
  <comment xml:lang="ru">документ Adobe FrameMaker</comment>
  <comment xml:lang="sk">Dokument Adobe FrameMaker</comment>
  <comment xml:lang="sl">Dokument Adobe FrameMaker</comment>
  <comment xml:lang="sq">Dokument Adobe FrameMaker</comment>
  <comment xml:lang="sr">документ Адобе Фреј Мејкера</comment>
  <comment xml:lang="sv">Adobe FrameMaker-dokument</comment>
  <comment xml:lang="tr">Adobe FrameMaker belgesi</comment>
  <comment xml:lang="uk">документ Adobe FrameMaker</comment>
  <comment xml:lang="vi">Tài liệu Adobe FrameMaker</comment>
  <comment xml:lang="zh_CN">Adobe FrameMaker 文档</comment>
  <comment xml:lang="zh_TW">Adobe FrameMaker 文件</comment>
  <generic-icon name="x-office-document"/>
  <glob pattern="*.fm"/>
  <alias type="application/x-frame"/>
</mime-type>
