<?xml version="1.0" encoding="utf-8"?>
<mime-type xmlns="http://www.freedesktop.org/standards/shared-mime-info" type="application/vnd.sun.xml.impress.template">
  <!--Created automatically by update-mime-database. DO NOT EDIT!-->
  <comment>OpenOffice Impress template</comment>
  <comment xml:lang="ar">قالب Impress المكتب المفتوح</comment>
  <comment xml:lang="be@latin">Šablon OpenOffice Impress</comment>
  <comment xml:lang="bg">Шаблон за презентации — OpenOffice Impress</comment>
  <comment xml:lang="ca">plantilla d'OpenOffice Impress</comment>
  <comment xml:lang="cs">šablona OpenOffice Impress</comment>
  <comment xml:lang="da">OpenOffice Impress-skabelon</comment>
  <comment xml:lang="de">OpenOffice-Impress-Vorlage</comment>
  <comment xml:lang="el">Πρότυπο OpenOffice Impress</comment>
  <comment xml:lang="en_GB">OpenOffice Impress template</comment>
  <comment xml:lang="es">plantilla de OpenOffice Impress</comment>
  <comment xml:lang="eu">OpenOffice Impress txantiloia</comment>
  <comment xml:lang="fi">OpenOffice Impress -malli</comment>
  <comment xml:lang="fo">OpenOffice Impress formur</comment>
  <comment xml:lang="fr">modèle OpenOffice Impress</comment>
  <comment xml:lang="ga">teimpléad OpenOffice Impress</comment>
  <comment xml:lang="gl">modelo de OpenOffice Impress</comment>
  <comment xml:lang="he">תבנית של OpenOffice Impress</comment>
  <comment xml:lang="hr">Predložak OpenOffice Impressa</comment>
  <comment xml:lang="hu">OpenOffice Impress sablon</comment>
  <comment xml:lang="ia">Patrono OpenOffice Impress</comment>
  <comment xml:lang="id">Templat OpenOffice Impress</comment>
  <comment xml:lang="it">Modello OpenOffice Impress</comment>
  <comment xml:lang="ja">OpenOffice Impress テンプレート</comment>
  <comment xml:lang="ka">OpenOffice Impress-ის შაბლონი</comment>
  <comment xml:lang="kk">OpenOffice Impress үлгісі</comment>
  <comment xml:lang="ko">OpenOffice Impress 프레젠테이션 문서 서식</comment>
  <comment xml:lang="lt">OpenOffice Impress šablonas</comment>
  <comment xml:lang="lv">OpenOffice Impress veidne</comment>
  <comment xml:lang="nb">OpenOffice Impress-mal</comment>
  <comment xml:lang="nl">OpenOffice.org Impress-sjabloon</comment>
  <comment xml:lang="nn">OpenOffice Impress-mal</comment>
  <comment xml:lang="oc">modèl OpenOffice Impress</comment>
  <comment xml:lang="pl">Szablon prezentacji OpenOffice.org Impress</comment>
  <comment xml:lang="pt">modelo OpenOffice Impress</comment>
  <comment xml:lang="pt_BR">Modelo do OpenOffice Impress</comment>
  <comment xml:lang="ro">Șablon OpenOffice Impress</comment>
  <comment xml:lang="ru">шаблон OpenOffice Impress</comment>
  <comment xml:lang="sk">Šablóna OpenOffice Impress</comment>
  <comment xml:lang="sl">Predloga OpenOffice.org Impress</comment>
  <comment xml:lang="sq">Model OpenOffice Impress</comment>
  <comment xml:lang="sr">Шаблон Опен Офис Импреса</comment>
  <comment xml:lang="sv">OpenOffice Impress-mall</comment>
  <comment xml:lang="tr">OpenOffice Impress şablonu</comment>
  <comment xml:lang="uk">шаблон презентації OpenOffice Impress</comment>
  <comment xml:lang="vi">Mẫu trình diễn Impress của OpenOffice.org</comment>
  <comment xml:lang="zh_CN">OpenOffice.org Impress 演示文稿模板</comment>
  <comment xml:lang="zh_TW">OpenOffice Impress 範本</comment>
  <generic-icon name="x-office-presentation"/>
  <glob pattern="*.sti"/>
</mime-type>
