<?xml version="1.0" encoding="utf-8"?>
<mime-type xmlns="http://www.freedesktop.org/standards/shared-mime-info" type="application/vnd.iccprofile">
  <!--Created automatically by update-mime-database. DO NOT EDIT!-->
  <comment>ICC profile</comment>
  <comment xml:lang="ar">تشكيلة OCL</comment>
  <comment xml:lang="bg">Цветови профил — OCL</comment>
  <comment xml:lang="ca">perfil ICC</comment>
  <comment xml:lang="cs">profil ICC</comment>
  <comment xml:lang="da">ICC-profil</comment>
  <comment xml:lang="de">ICC-Profil</comment>
  <comment xml:lang="el">Προφίλ ICC</comment>
  <comment xml:lang="en_GB">ICC profile</comment>
  <comment xml:lang="eo">ICC-profilo</comment>
  <comment xml:lang="es">perfil ICC</comment>
  <comment xml:lang="eu">ICC profila</comment>
  <comment xml:lang="fi">ICC-profiili</comment>
  <comment xml:lang="fo">ICC umhvarv</comment>
  <comment xml:lang="fr">profil ICC</comment>
  <comment xml:lang="ga">próifíl ICC</comment>
  <comment xml:lang="gl">perfíl ICC</comment>
  <comment xml:lang="he">פרופיל ICC</comment>
  <comment xml:lang="hr">ICC profil</comment>
  <comment xml:lang="hu">ICC profil</comment>
  <comment xml:lang="ia">Profilo ICC</comment>
  <comment xml:lang="id">Profil ICC</comment>
  <comment xml:lang="it">Profilo ICC</comment>
  <comment xml:lang="ja">ICC プロファイル</comment>
  <comment xml:lang="kk">ICC профайлы</comment>
  <comment xml:lang="ko">ICC 프로필</comment>
  <comment xml:lang="lt">ICC profilis</comment>
  <comment xml:lang="lv">ICC profils</comment>
  <comment xml:lang="nl">ICC profiel</comment>
  <comment xml:lang="oc">perfil ICC</comment>
  <comment xml:lang="pl">Profil ICC</comment>
  <comment xml:lang="pt">perfil ICC</comment>
  <comment xml:lang="pt_BR">Perfil ICC</comment>
  <comment xml:lang="ro">Profil ICC</comment>
  <comment xml:lang="ru">профиль ICC</comment>
  <comment xml:lang="sk">Profil farieb ICC</comment>
  <comment xml:lang="sl">Datoteka profila ICC</comment>
  <comment xml:lang="sr">ИЦЦ профил</comment>
  <comment xml:lang="sv">ICC-profil</comment>
  <comment xml:lang="tr">ICC profili</comment>
  <comment xml:lang="uk">профіль ICC</comment>
  <comment xml:lang="zh_CN">ICC 文件</comment>
  <comment xml:lang="zh_TW">ICC 設定檔</comment>
  <glob pattern="*.icc"/>
  <glob pattern="*.icm"/>
</mime-type>
