<?xml version="1.0" encoding="utf-8"?>
<mime-type xmlns="http://www.freedesktop.org/standards/shared-mime-info" type="application/vnd.google-earth.kml+xml">
  <!--Created automatically by update-mime-database. DO NOT EDIT!-->
  <comment>KML geographic data</comment>
  <comment xml:lang="ar">بيانات جغرافية KML</comment>
  <comment xml:lang="bg">Географски данни — KML</comment>
  <comment xml:lang="ca">dades geogràfiques KML</comment>
  <comment xml:lang="cs">geografická data KML</comment>
  <comment xml:lang="da">Geografiske data i KML-format</comment>
  <comment xml:lang="de">KML geographische Daten</comment>
  <comment xml:lang="el">Γεωγραφικά δεδομένα KML</comment>
  <comment xml:lang="en_GB">KML geographic data</comment>
  <comment xml:lang="es">datos geográficos KML</comment>
  <comment xml:lang="eu">KML datu geografikoak</comment>
  <comment xml:lang="fi">KML-paikkatieto</comment>
  <comment xml:lang="fo">KML landafrøðilig dáta</comment>
  <comment xml:lang="fr">données géographiques KML</comment>
  <comment xml:lang="ga">sonraí geografacha KML</comment>
  <comment xml:lang="gl">datos xeográficos KML</comment>
  <comment xml:lang="he">מידע גאוגרפי KML</comment>
  <comment xml:lang="hr">KML geografski podaci</comment>
  <comment xml:lang="hu">KML földrajzi adatok</comment>
  <comment xml:lang="ia">Datos geographic KML</comment>
  <comment xml:lang="id">Data geografis KML</comment>
  <comment xml:lang="it">Dati geografici KML</comment>
  <comment xml:lang="ja">KML 地理データ</comment>
  <comment xml:lang="kk">KML географилық ақпараты</comment>
  <comment xml:lang="ko">KML 지리 정보 데이터</comment>
  <comment xml:lang="lt">KML geografiniai duomenys</comment>
  <comment xml:lang="lv">KML ģeogrāfiskie dati</comment>
  <comment xml:lang="nl">KML geographic data</comment>
  <comment xml:lang="oc">donadas geograficas KML</comment>
  <comment xml:lang="pl">Dane geograficzne KML</comment>
  <comment xml:lang="pt">dados geográficos KML</comment>
  <comment xml:lang="pt_BR">Dados geográficos KML</comment>
  <comment xml:lang="ro">Date geografice KML</comment>
  <comment xml:lang="ru">географические данные KML</comment>
  <comment xml:lang="sk">Zemepisné údaje KML</comment>
  <comment xml:lang="sl">Datoteka geografskih podatkov KML</comment>
  <comment xml:lang="sr">КМЛ географски подаци</comment>
  <comment xml:lang="sv">KML geografisk data</comment>
  <comment xml:lang="tr">KML coğrafi verisi</comment>
  <comment xml:lang="uk">географічні дані KML</comment>
  <comment xml:lang="zh_CN">KML 地理数据</comment>
  <comment xml:lang="zh_TW">KML 地理資料</comment>
  <acronym>KML</acronym>
  <expanded-acronym>Keyhole Markup Language</expanded-acronym>
  <sub-class-of type="application/xml"/>
  <glob pattern="*.kml"/>
</mime-type>
