<?xml version="1.0" encoding="utf-8"?>
<mime-type xmlns="http://www.freedesktop.org/standards/shared-mime-info" type="application/vnd.sun.xml.calc.template">
  <!--Created automatically by update-mime-database. DO NOT EDIT!-->
  <comment>OpenOffice Calc template</comment>
  <comment xml:lang="ar">قالب Calc المكتب المفتوح</comment>
  <comment xml:lang="be@latin">Šablon OpenOffice Calc</comment>
  <comment xml:lang="bg">Шаблон за таблици — OpenOffice Calc</comment>
  <comment xml:lang="ca">plantilla d'OpenOffice Calc</comment>
  <comment xml:lang="cs">šablona OpenOffice Calc</comment>
  <comment xml:lang="da">OpenOffice Calc-skabelon</comment>
  <comment xml:lang="de">OpenOffice-Calc-Vorlage</comment>
  <comment xml:lang="el">Πρότυπο OpenOffice Calc</comment>
  <comment xml:lang="en_GB">OpenOffice Calc template</comment>
  <comment xml:lang="es">plantilla de OpenOffice Calc</comment>
  <comment xml:lang="eu">OpenOffice Calc txantiloia</comment>
  <comment xml:lang="fi">OpenOffice Calc -malli</comment>
  <comment xml:lang="fo">OpenOffice Calc formur</comment>
  <comment xml:lang="fr">modèle OpenOffice Calc</comment>
  <comment xml:lang="ga">teimpléad OpenOffice Calc</comment>
  <comment xml:lang="gl">modelo de OpenOffice Calc</comment>
  <comment xml:lang="he">תבנית של OpenOffice Calc</comment>
  <comment xml:lang="hr">OpenOffice Calc predložak</comment>
  <comment xml:lang="hu">OpenOffice Calc sablon</comment>
  <comment xml:lang="ia">Patrono OpenOffice Calc</comment>
  <comment xml:lang="id">Templat OpenOffice Calc</comment>
  <comment xml:lang="it">Modello OpenOffice Calc</comment>
  <comment xml:lang="ja">OpenOffice Calc テンプレート</comment>
  <comment xml:lang="ka">OpenOffice Calc-ის შაბლონი</comment>
  <comment xml:lang="kk">OpenOffice Calc үлгісі</comment>
  <comment xml:lang="ko">OpenOffice Calc 스프레드시트 문서 서식</comment>
  <comment xml:lang="lt">OpenOffice Calc šablonas</comment>
  <comment xml:lang="lv">OpenOffice Calc veidne</comment>
  <comment xml:lang="nb">OpenOffice Calc-mal</comment>
  <comment xml:lang="nl">OpenOffice.org Calc-sjabloon</comment>
  <comment xml:lang="nn">OpenOffice Calc-mal</comment>
  <comment xml:lang="oc">modèl OpenOffice Calc</comment>
  <comment xml:lang="pl">Szablon arkusza OpenOffice.org Calc</comment>
  <comment xml:lang="pt">modelo OpenOffice Calc</comment>
  <comment xml:lang="pt_BR">Modelo do OpenOffice Calc</comment>
  <comment xml:lang="ro">Șablon OpenOffice Calc</comment>
  <comment xml:lang="ru">шаблон OpenOffice Calc</comment>
  <comment xml:lang="sk">Šablóna OpenOffice Calc</comment>
  <comment xml:lang="sl">Predloga OpenOffice.org Calc</comment>
  <comment xml:lang="sq">Model OpenOffice Calc</comment>
  <comment xml:lang="sr">Шаблон Опен Офис Рачуна</comment>
  <comment xml:lang="sv">OpenOffice Calc-mall</comment>
  <comment xml:lang="tr">OpenOffice Calc şablonu</comment>
  <comment xml:lang="uk">шаблон ел.таблиці OpenOffice Calc</comment>
  <comment xml:lang="vi">Mẫu bảng tính Calc của OpenOffice.org</comment>
  <comment xml:lang="zh_CN">OpenOffice.org Calc 工作簿模板</comment>
  <comment xml:lang="zh_TW">OpenOffice Calc 範本</comment>
  <generic-icon name="x-office-spreadsheet"/>
  <glob pattern="*.stc"/>
</mime-type>
