<?xml version="1.0" encoding="utf-8"?>
<mime-type xmlns="http://www.freedesktop.org/standards/shared-mime-info" type="application/vnd.stardivision.writer">
  <!--Created automatically by update-mime-database. DO NOT EDIT!-->
  <comment>StarWriter document</comment>
  <comment xml:lang="ar">مستند StarWriter</comment>
  <comment xml:lang="az">StarWriter sənədi</comment>
  <comment xml:lang="be@latin">Dakument StarWriter</comment>
  <comment xml:lang="bg">Документ — StarWriter</comment>
  <comment xml:lang="ca">document StarWriter</comment>
  <comment xml:lang="cs">dokument StarWriter</comment>
  <comment xml:lang="cy">Dogfen StarWriter</comment>
  <comment xml:lang="da">StarWriter-dokument</comment>
  <comment xml:lang="de">StarWriter-Dokument</comment>
  <comment xml:lang="el">Έγγραφο StarWriter</comment>
  <comment xml:lang="en_GB">StarWriter document</comment>
  <comment xml:lang="eo">StarWriter-dokumento</comment>
  <comment xml:lang="es">documento de StarWriter</comment>
  <comment xml:lang="eu">StarWriter dokumentua</comment>
  <comment xml:lang="fi">StarWriter-asiakirja</comment>
  <comment xml:lang="fo">StarWriter skjal</comment>
  <comment xml:lang="fr">document StarWriter</comment>
  <comment xml:lang="ga">cáipéis StarWriter</comment>
  <comment xml:lang="gl">documento de StarWriter</comment>
  <comment xml:lang="he">מסמך של StarWriter</comment>
  <comment xml:lang="hr">StarWriter dokument</comment>
  <comment xml:lang="hu">StarWriter-dokumentum</comment>
  <comment xml:lang="ia">Documento StarWriter</comment>
  <comment xml:lang="id">Dokumen StarWriter</comment>
  <comment xml:lang="it">Documento StrarWriter</comment>
  <comment xml:lang="ja">StarWriter ドキュメント</comment>
  <comment xml:lang="kk">StarWriter құжаты</comment>
  <comment xml:lang="ko">StarWriter 문서</comment>
  <comment xml:lang="lt">StarWriter dokumentas</comment>
  <comment xml:lang="lv">StarWriter dokuments</comment>
  <comment xml:lang="ms">Dokumen StarWriter</comment>
  <comment xml:lang="nb">StarWriter-dokument</comment>
  <comment xml:lang="nl">StarWriter-document</comment>
  <comment xml:lang="nn">StarWriter document</comment>
  <comment xml:lang="oc">document StarWriter</comment>
  <comment xml:lang="pl">Dokument StarWriter</comment>
  <comment xml:lang="pt">documento do StarWriter</comment>
  <comment xml:lang="pt_BR">Documento do StarWriter</comment>
  <comment xml:lang="ro">Document StarWriter</comment>
  <comment xml:lang="ru">документ StarWriter</comment>
  <comment xml:lang="sk">Dokument StarWriter</comment>
  <comment xml:lang="sl">Dokument StarWriter</comment>
  <comment xml:lang="sq">Dokument StarWriter</comment>
  <comment xml:lang="sr">Документ Стар Писца</comment>
  <comment xml:lang="sv">StarWriter-dokument</comment>
  <comment xml:lang="tr">StarWriter belgesi</comment>
  <comment xml:lang="uk">документ StarWriter</comment>
  <comment xml:lang="vi">Tài liệu StarWriter</comment>
  <comment xml:lang="zh_CN">STarWriter 文档</comment>
  <comment xml:lang="zh_TW">StarWriter 文件</comment>
  <generic-icon name="x-office-document"/>
  <glob pattern="*.sdw"/>
  <glob pattern="*.vor"/>
  <glob pattern="*.sgl"/>
  <alias type="application/vnd.stardivision.writer-global"/>
</mime-type>
