<?xml version="1.0" encoding="utf-8"?>
<mime-type xmlns="http://www.freedesktop.org/standards/shared-mime-info" type="application/vnd.oasis.opendocument.text-master">
  <!--Created automatically by update-mime-database. DO NOT EDIT!-->
  <comment>ODM document</comment>
  <comment xml:lang="ar">مستند ODM</comment>
  <comment xml:lang="be@latin">Dakument ODM</comment>
  <comment xml:lang="bg">Документ — ODM</comment>
  <comment xml:lang="ca">document ODM</comment>
  <comment xml:lang="cs">dokument ODM</comment>
  <comment xml:lang="da">ODM-dokument</comment>
  <comment xml:lang="de">ODM-Dokument</comment>
  <comment xml:lang="el">Έγγραφο ODM</comment>
  <comment xml:lang="en_GB">ODM document</comment>
  <comment xml:lang="eo">ODM-dokumento</comment>
  <comment xml:lang="es">documento ODM</comment>
  <comment xml:lang="eu">ODM dokumentua</comment>
  <comment xml:lang="fi">ODM-asiakirja</comment>
  <comment xml:lang="fo">ODM skjal</comment>
  <comment xml:lang="fr">document ODM</comment>
  <comment xml:lang="ga">cáipéis ODM</comment>
  <comment xml:lang="gl">documento ODM</comment>
  <comment xml:lang="he">מסמך ODM</comment>
  <comment xml:lang="hr">ODM dokument</comment>
  <comment xml:lang="hu">ODM-dokumentum</comment>
  <comment xml:lang="ia">Documento ODM</comment>
  <comment xml:lang="id">Dokumen ODM</comment>
  <comment xml:lang="it">Documento ODM</comment>
  <comment xml:lang="ja">ODM ドキュメント</comment>
  <comment xml:lang="ka">ODM დოკუმენტი</comment>
  <comment xml:lang="kk">ODM құжаты</comment>
  <comment xml:lang="ko">ODM 문서</comment>
  <comment xml:lang="lt">ODM dokumentas</comment>
  <comment xml:lang="lv">ODM dokuments</comment>
  <comment xml:lang="nb">ODM-dokument</comment>
  <comment xml:lang="nl">ODM-document</comment>
  <comment xml:lang="nn">ODM-dokument</comment>
  <comment xml:lang="oc">document ODM</comment>
  <comment xml:lang="pl">Dokument ODM</comment>
  <comment xml:lang="pt">documento ODM</comment>
  <comment xml:lang="pt_BR">Documento ODM</comment>
  <comment xml:lang="ro">Document ODM</comment>
  <comment xml:lang="ru">документ ODM</comment>
  <comment xml:lang="sk">Dokument ODM</comment>
  <comment xml:lang="sl">Dokument ODM</comment>
  <comment xml:lang="sq">Dokument ODM</comment>
  <comment xml:lang="sr">ОДМ документ</comment>
  <comment xml:lang="sv">ODM-dokument</comment>
  <comment xml:lang="tr">ODM belgesi</comment>
  <comment xml:lang="uk">документ ODM</comment>
  <comment xml:lang="vi">Tài liệu ODM</comment>
  <comment xml:lang="zh_CN">ODM 文档</comment>
  <comment xml:lang="zh_TW">ODM 文件</comment>
  <acronym>ODM</acronym>
  <expanded-acronym>OpenDocument Master</expanded-acronym>
  <generic-icon name="x-office-document"/>
  <glob pattern="*.odm"/>
</mime-type>
