<?xml version="1.0" encoding="utf-8"?>
<mime-type xmlns="http://www.freedesktop.org/standards/shared-mime-info" type="application/vnd.oasis.opendocument.chart">
  <!--Created automatically by update-mime-database. DO NOT EDIT!-->
  <comment>ODC chart</comment>
  <comment xml:lang="ar">مخطط ODC</comment>
  <comment xml:lang="be@latin">Dyjahrama ODC</comment>
  <comment xml:lang="bg">Диаграма — ODC</comment>
  <comment xml:lang="ca">diagrama ODC</comment>
  <comment xml:lang="cs">graf ODC</comment>
  <comment xml:lang="da">ODC-diagram</comment>
  <comment xml:lang="de">ODC-Diagramm</comment>
  <comment xml:lang="el">Διάγραμμα ODC</comment>
  <comment xml:lang="en_GB">ODC chart</comment>
  <comment xml:lang="eo">ODC-diagramo</comment>
  <comment xml:lang="es">gráfico ODC</comment>
  <comment xml:lang="eu">ODC diagrama</comment>
  <comment xml:lang="fi">ODC-kaavio</comment>
  <comment xml:lang="fo">ODC strikumynd</comment>
  <comment xml:lang="fr">graphique ODC</comment>
  <comment xml:lang="ga">cairt ODC</comment>
  <comment xml:lang="gl">gráfica ODC</comment>
  <comment xml:lang="he">תו ODC</comment>
  <comment xml:lang="hr">ODC grafikon</comment>
  <comment xml:lang="hu">ODC-táblázat</comment>
  <comment xml:lang="ia">Graphico ODC</comment>
  <comment xml:lang="id">Bagan ODC</comment>
  <comment xml:lang="it">Grafico ODC</comment>
  <comment xml:lang="ja">ODC チャート</comment>
  <comment xml:lang="kk">ODC диаграммасы</comment>
  <comment xml:lang="ko">ODC 차트</comment>
  <comment xml:lang="lt">ODC diagrama</comment>
  <comment xml:lang="lv">ODC diagramma</comment>
  <comment xml:lang="nb">ODC-graf</comment>
  <comment xml:lang="nl">ODC-grafiek</comment>
  <comment xml:lang="nn">ODC-diagram</comment>
  <comment xml:lang="oc">grafic ODC</comment>
  <comment xml:lang="pl">Wykres ODC</comment>
  <comment xml:lang="pt">gráfico ODC</comment>
  <comment xml:lang="pt_BR">Gráfico ODC</comment>
  <comment xml:lang="ro">Diagramă ODC</comment>
  <comment xml:lang="ru">диаграмма ODC</comment>
  <comment xml:lang="sk">Graf ODC</comment>
  <comment xml:lang="sl">Datoteka grafikona ODC</comment>
  <comment xml:lang="sq">Grafik ODC</comment>
  <comment xml:lang="sr">ОДЦ chart</comment>
  <comment xml:lang="sv">ODC-diagram</comment>
  <comment xml:lang="tr">ODC çizelgesi</comment>
  <comment xml:lang="uk">діаграма ODC</comment>
  <comment xml:lang="vi">Sơ đồ ODC</comment>
  <comment xml:lang="zh_CN">ODC 图表</comment>
  <comment xml:lang="zh_TW">ODC 圖表</comment>
  <acronym>ODC</acronym>
  <expanded-acronym>OpenDocument Chart</expanded-acronym>
  <generic-icon name="x-office-spreadsheet"/>
  <glob pattern="*.odc"/>
</mime-type>
