<?xml version="1.0" encoding="utf-8"?>
<mime-type xmlns="http://www.freedesktop.org/standards/shared-mime-info" type="application/vnd.coffeescript">
  <!--Created automatically by update-mime-database. DO NOT EDIT!-->
  <comment>CoffeeScript document</comment>
  <comment xml:lang="ca">document CoffeeScript</comment>
  <comment xml:lang="cs">dokument CoffeeScript</comment>
  <comment xml:lang="da">CoffeeScript-dokument</comment>
  <comment xml:lang="de">CoffeeScript-Dokument</comment>
  <comment xml:lang="el">Έγγραφο CoffeeScript</comment>
  <comment xml:lang="en_GB">CoffeeScript document</comment>
  <comment xml:lang="es">documento en CoffeeScript</comment>
  <comment xml:lang="eu">CoffeeScript dokumentua</comment>
  <comment xml:lang="fi">CoffeeScript-asiakirja</comment>
  <comment xml:lang="fr">document CoffeeScript</comment>
  <comment xml:lang="he">מסמך CoffeeScript</comment>
  <comment xml:lang="hr">CoffeeScript dokument</comment>
  <comment xml:lang="hu">CoffeeScript dokumentum</comment>
  <comment xml:lang="ia">Documento CoffeeScript</comment>
  <comment xml:lang="id">Dokumen CoffeeScript</comment>
  <comment xml:lang="it">Documento CoffeeScript</comment>
  <comment xml:lang="kk">CoffeeScript құжаты</comment>
  <comment xml:lang="ko">CoffeeScript 문서</comment>
  <comment xml:lang="oc">Document CoffeScript</comment>
  <comment xml:lang="pl">Dokument CoffeeScript</comment>
  <comment xml:lang="pt">documento CoffeeScript</comment>
  <comment xml:lang="pt_BR">Documento CoffeeScript</comment>
  <comment xml:lang="ru">документ CoffeeScript</comment>
  <comment xml:lang="sk">Dokument CoffeeScript</comment>
  <comment xml:lang="sr">Кофи скрипт документ</comment>
  <comment xml:lang="sv">CoffeeScript-dokument</comment>
  <comment xml:lang="tr">CoffeeScript belgesi</comment>
  <comment xml:lang="uk">документ CoffeeScript</comment>
  <comment xml:lang="zh_CN">CoffeeScript 文档</comment>
  <comment xml:lang="zh_TW">CoffeeScript 文件</comment>
  <sub-class-of type="text/plain"/>
  <generic-icon name="text-x-script"/>
  <glob pattern="*.coffee"/>
</mime-type>
