<?xml version="1.0" encoding="utf-8"?>
<mime-type xmlns="http://www.freedesktop.org/standards/shared-mime-info" type="application/vnd.sun.xml.writer.template">
  <!--Created automatically by update-mime-database. DO NOT EDIT!-->
  <comment>OpenOffice Writer template</comment>
  <comment xml:lang="ar">قالب Writer المكتب المفتوح</comment>
  <comment xml:lang="az">OpenOffice Writer şablonu</comment>
  <comment xml:lang="be@latin">Šablon OpenOffice Writer</comment>
  <comment xml:lang="bg">Шаблон за документи — OpenOffice Writer</comment>
  <comment xml:lang="ca">plantilla d'OpenOffice Writer</comment>
  <comment xml:lang="cs">šablona OpenOffice Writer</comment>
  <comment xml:lang="cy">Templed OpenOffice (Writer)</comment>
  <comment xml:lang="da">OpenOffice Writer-skabelon</comment>
  <comment xml:lang="de">OpenOffice-Writer-Vorlage</comment>
  <comment xml:lang="el">Πρότυπο OpenOffice Writer</comment>
  <comment xml:lang="en_GB">OpenOffice Writer template</comment>
  <comment xml:lang="es">plantilla de OpenOffice Writer</comment>
  <comment xml:lang="eu">OpenOffice Writer txantiloia</comment>
  <comment xml:lang="fi">OpenOffice Writer -malli</comment>
  <comment xml:lang="fo">OpenOffice Writer formur</comment>
  <comment xml:lang="fr">modèle OpenOffice Writer</comment>
  <comment xml:lang="ga">teimpléad OpenOffice Writer</comment>
  <comment xml:lang="gl">modelo  de OpenOffice Writer</comment>
  <comment xml:lang="he">תסנית של OpenOffice Writer</comment>
  <comment xml:lang="hr">OpenOffice Writer predložak</comment>
  <comment xml:lang="hu">OpenOffice Writer sablon</comment>
  <comment xml:lang="ia">Patrono OpenOffice Writer</comment>
  <comment xml:lang="id">Templat OpenOffice Writer</comment>
  <comment xml:lang="it">Modello OpenOffice Writer</comment>
  <comment xml:lang="ja">OpenOffice Writer ドキュメントテンプレート</comment>
  <comment xml:lang="ka">OpenOffice Writer-ის შაბლონი</comment>
  <comment xml:lang="kk">OpenOffice Writer үлгісі</comment>
  <comment xml:lang="ko">OpenOffice Writer 문서 서식</comment>
  <comment xml:lang="lt">OpenOffice Writer šablonas</comment>
  <comment xml:lang="lv">OpenOffice Writer veidne</comment>
  <comment xml:lang="ms">Templat OpenOffice Writer</comment>
  <comment xml:lang="nb">OpenOffice Writer-mal</comment>
  <comment xml:lang="nl">OpenOffice.org Writer-sjabloon</comment>
  <comment xml:lang="nn">OpenOffice Writer-mal</comment>
  <comment xml:lang="oc">modèl OpenOffice Writer</comment>
  <comment xml:lang="pl">Szablon dokumentu OpenOffice.org Writer</comment>
  <comment xml:lang="pt">modelo OpenOffice Writer</comment>
  <comment xml:lang="pt_BR">Modelo do OpenOffice Writer</comment>
  <comment xml:lang="ro">Șablon OpenOffice Writer</comment>
  <comment xml:lang="ru">шаблон OpenOffice Writer</comment>
  <comment xml:lang="sk">Šablóna OpenOffice Writer</comment>
  <comment xml:lang="sl">Predloga OpenOffice.org Writer</comment>
  <comment xml:lang="sq">Model OpenOffice Writer</comment>
  <comment xml:lang="sr">Шаблон Опен Офис Писца</comment>
  <comment xml:lang="sv">OpenOffice Writer-mall</comment>
  <comment xml:lang="tr">OpenOffice Writer şablonu</comment>
  <comment xml:lang="uk">шаблон документа OpenOffice Writer</comment>
  <comment xml:lang="vi">Mẫu tài liệu Writer của OpenOffice.org</comment>
  <comment xml:lang="zh_CN">OpenOffice.org Writer 文档模板</comment>
  <comment xml:lang="zh_TW">OpenOffice Writer 範本</comment>
  <generic-icon name="x-office-document"/>
  <glob pattern="*.stw"/>
</mime-type>
