<?xml version="1.0" encoding="utf-8"?>
<mime-type xmlns="http://www.freedesktop.org/standards/shared-mime-info" type="application/vnd.android.package-archive">
  <!--Created automatically by update-mime-database. DO NOT EDIT!-->
  <comment>Android package</comment>
  <comment xml:lang="bg">Пакет — Android</comment>
  <comment xml:lang="ca">paquet d'Android</comment>
  <comment xml:lang="cs">balíčky systému Android</comment>
  <comment xml:lang="da">Android-pakke</comment>
  <comment xml:lang="de">Android-Paket</comment>
  <comment xml:lang="el">Πακέτο Android</comment>
  <comment xml:lang="en_GB">Android package</comment>
  <comment xml:lang="eo">Android-pakaĵo</comment>
  <comment xml:lang="es">paquete de Android</comment>
  <comment xml:lang="eu">Android paketea</comment>
  <comment xml:lang="fi">Android-paketti</comment>
  <comment xml:lang="fr">paquet Android</comment>
  <comment xml:lang="gl">paquete de Android</comment>
  <comment xml:lang="he">חבילת אנדרויד</comment>
  <comment xml:lang="hr">Android paket</comment>
  <comment xml:lang="hu">Android csomag</comment>
  <comment xml:lang="ia">Pacchetto Android</comment>
  <comment xml:lang="id">Paket Android</comment>
  <comment xml:lang="it">Pacchetto Android</comment>
  <comment xml:lang="ja">Android パッケージ</comment>
  <comment xml:lang="ka">Android-ის პაკეტი</comment>
  <comment xml:lang="kk">Android дестесі</comment>
  <comment xml:lang="ko">Android 패키지</comment>
  <comment xml:lang="lv">Android pakotne</comment>
  <comment xml:lang="nl">Android pakket</comment>
  <comment xml:lang="oc">paquet Android</comment>
  <comment xml:lang="pl">Pakiet Androida</comment>
  <comment xml:lang="pt">pacote Android</comment>
  <comment xml:lang="pt_BR">Pacote do Android</comment>
  <comment xml:lang="ru">пакет Android</comment>
  <comment xml:lang="sk">Balík Android</comment>
  <comment xml:lang="sl">Paket Android</comment>
  <comment xml:lang="sr">Андроидов пакет</comment>
  <comment xml:lang="sv">Android-paket</comment>
  <comment xml:lang="tr">Android paketi</comment>
  <comment xml:lang="uk">пакунок Android</comment>
  <comment xml:lang="zh_CN">Android</comment>
  <comment xml:lang="zh_TW">Android 軟體包</comment>
  <sub-class-of type="application/x-java-archive"/>
  <glob pattern="*.apk"/>
</mime-type>
