<?xml version="1.0" encoding="utf-8"?>
<mime-type xmlns="http://www.freedesktop.org/standards/shared-mime-info" type="application/vnd.openxmlformats-officedocument.presentationml.template">
  <!--Created automatically by update-mime-database. DO NOT EDIT!-->
  <comment>PowerPoint 2007 presentation template</comment>
  <comment xml:lang="bg">Шаблон за презентации — PowerPoint 2007</comment>
  <comment xml:lang="ca">plantilla de presentació de PowerPoint 2007</comment>
  <comment xml:lang="cs">šablona prezentace PowerPoint 2007</comment>
  <comment xml:lang="da">PowerPoint 2007-præsentationsskabelon</comment>
  <comment xml:lang="de">PowerPoint 2007-Präsentationsvorlage</comment>
  <comment xml:lang="el">Πρότυπο παρουσίασης PowerPoint 2007</comment>
  <comment xml:lang="en_GB">PowerPoint 2007 presentation template</comment>
  <comment xml:lang="es">plantilla de presentación de PowerPoint 2007</comment>
  <comment xml:lang="eu">PowerPoint 2007 aurkezpen txantiloia</comment>
  <comment xml:lang="fi">PowerPoint 2007 -esitysmalli</comment>
  <comment xml:lang="fr">modèle de présentation PowerPoint 2007</comment>
  <comment xml:lang="gl">modelo de presentación de PowerPoint 2007</comment>
  <comment xml:lang="he">תבנית למצגת של PowerPoint 2007</comment>
  <comment xml:lang="hr">PowerPoint 2007 predložak prezentacije</comment>
  <comment xml:lang="hu">PowerPoint 2007 bemutatósablon</comment>
  <comment xml:lang="ia">Patrono de presentation PowerPoint 2007</comment>
  <comment xml:lang="id">Templat presentasi PowerPoint 2007</comment>
  <comment xml:lang="it">Modello presentazione PowerPoint 2007</comment>
  <comment xml:lang="ja">PowerPoint 2007 プレゼンテーションテンプレート</comment>
  <comment xml:lang="ka">PowerPoint 2007-ის პრეზენტაციის შაბლონი</comment>
  <comment xml:lang="kk">PowerPoint 2007 презентация шаблоны</comment>
  <comment xml:lang="ko">PowerPoint 2007 프레젠테이션 서식</comment>
  <comment xml:lang="lv">PowerPoint 2007 prezentācijas veidne</comment>
  <comment xml:lang="nl">PowerPoint 2007 presentation sjabloon</comment>
  <comment xml:lang="oc">modèl de presentacion PowerPoint 2007</comment>
  <comment xml:lang="pl">Szablon prezentacji PowerPoint 2007</comment>
  <comment xml:lang="pt">modelo de apresentação PowerPoint 2007</comment>
  <comment xml:lang="pt_BR">Modelo de apresentação do PowerPoint 2007</comment>
  <comment xml:lang="ru">шаблон презентации PowerPoint 2007</comment>
  <comment xml:lang="sk">Šablóna prezentácie PowerPoint 2007</comment>
  <comment xml:lang="sl">Predloga predstavitve PowerPoint 2007</comment>
  <comment xml:lang="sr">шаблон презентације Пауер Поинта 2007</comment>
  <comment xml:lang="sv">PowerPoint 2007-presentationsmall</comment>
  <comment xml:lang="tr">PowerPoint 2007 sunum şablonu</comment>
  <comment xml:lang="uk">шаблон презентації PowerPoint 2007</comment>
  <comment xml:lang="zh_CN">PowerPoint 2007 演示文稿模板</comment>
  <comment xml:lang="zh_TW">PowerPoint 2007 簡報範本</comment>
  <glob pattern="*.potx"/>
  <sub-class-of type="application/zip"/>
  <generic-icon name="x-office-presentation"/>
</mime-type>
