<?xml version="1.0" encoding="utf-8"?>
<mime-type xmlns="http://www.freedesktop.org/standards/shared-mime-info" type="application/vnd.ms-powerpoint.template.macroEnabled.12">
  <!--Created automatically by update-mime-database. DO NOT EDIT!-->
  <comment>PowerPoint presentation template</comment>
  <comment xml:lang="ca">plantilla de presentació de PowerPoint</comment>
  <comment xml:lang="cs">šablona prezentace PowerPoint</comment>
  <comment xml:lang="da">PowerPoint-præsentationsskabelon</comment>
  <comment xml:lang="de">PowerPoint-Präsentationsvorlage</comment>
  <comment xml:lang="el">Πρότυπο παρουσίασης PowerPoint</comment>
  <comment xml:lang="en_GB">PowerPoint presentation template</comment>
  <comment xml:lang="es">plantilla de presentación de PowerPoint</comment>
  <comment xml:lang="eu">PowerPoint aurkezpen txantiloia</comment>
  <comment xml:lang="fi">PowerPoint-esitysmalli</comment>
  <comment xml:lang="fr">modèle de présentation PowerPoint</comment>
  <comment xml:lang="he">תבנית מצגת PowerPoint</comment>
  <comment xml:lang="hr">Predložak PowerPoint prezentacije</comment>
  <comment xml:lang="hu">PowerPoint bemutatósablon</comment>
  <comment xml:lang="ia">Patrono de presentation PowerPoint</comment>
  <comment xml:lang="id">Templat presentasi PowerPoint</comment>
  <comment xml:lang="it">Modello presentazione PowerPoint</comment>
  <comment xml:lang="kk">PowerPoint презентация үлгісі</comment>
  <comment xml:lang="ko">파워포인드 프리젠테이션 양식</comment>
  <comment xml:lang="oc">Modèl de presentacion PowerPoint</comment>
  <comment xml:lang="pl">Szablon prezentacji PowerPoint</comment>
  <comment xml:lang="pt">modelo de apresentação PowerPoint</comment>
  <comment xml:lang="pt_BR">Modelo de apresentação do PowerPoint</comment>
  <comment xml:lang="ru">шаблон презентации PowerPoint</comment>
  <comment xml:lang="sk">Šablóna prezentácie aplikácie PowerPoint</comment>
  <comment xml:lang="sr">Шаблон презентације Пауер Поинта</comment>
  <comment xml:lang="sv">PowerPoint-presentationsmall</comment>
  <comment xml:lang="tr">PowerPoint sunum şablonu</comment>
  <comment xml:lang="uk">шаблон презентації PowerPoint</comment>
  <comment xml:lang="zh_CN">Microsoft PowerPoint 演示文稿模板</comment>
  <comment xml:lang="zh_TW">PowerPoint 簡報範本</comment>
  <generic-icon name="x-office-presentation"/>
  <glob pattern="*.potm"/>
  <sub-class-of type="application/vnd.openxmlformats-officedocument.presentationml.template"/>
</mime-type>
