<?xml version="1.0" encoding="utf-8"?>
<mime-type xmlns="http://www.freedesktop.org/standards/shared-mime-info" type="application/vnd.ms-visio.template.macroEnabled.main+xml">
  <!--Created automatically by update-mime-database. DO NOT EDIT!-->
  <comment>Office Open XML Visio Template</comment>
  <comment xml:lang="ca">plantilla en Office Open XML de Visio</comment>
  <comment xml:lang="cs">šablona Office Open XML Visio</comment>
  <comment xml:lang="da">Office Open XML Visio-skabelon</comment>
  <comment xml:lang="de">Office-Open-XML-Visio-Vorlage</comment>
  <comment xml:lang="el">Πρότυπο Office Open XML Visio</comment>
  <comment xml:lang="en_GB">Office Open XML Visio Template</comment>
  <comment xml:lang="es">plantilla en OOXML de Visio</comment>
  <comment xml:lang="eu">Office Open XML Visio txantiloia</comment>
  <comment xml:lang="fi">Office Open XML Visio -malli</comment>
  <comment xml:lang="fr">modèle Visio Office Open XML</comment>
  <comment xml:lang="he">תבנית Visio ב־Open XML מבית Office</comment>
  <comment xml:lang="hr">Predložak Office Open XML Visio</comment>
  <comment xml:lang="hu">Office Open XML Visio sablon</comment>
  <comment xml:lang="ia">Patrono Office Open XML Visio</comment>
  <comment xml:lang="id">Templat Visio Office Open XML</comment>
  <comment xml:lang="it">Modello Visio Office Open XML</comment>
  <comment xml:lang="kk">Office Open XML Visio үлгісі</comment>
  <comment xml:lang="ko">오피스 오픈 XML 비지오 양식</comment>
  <comment xml:lang="pl">Szablon Office Open XML Visio</comment>
  <comment xml:lang="pt">modelo Office Open XML Visio</comment>
  <comment xml:lang="pt_BR">Modelo do Visio em Office Open XML</comment>
  <comment xml:lang="ru">шаблон Visio формата Office Open XML</comment>
  <comment xml:lang="sk">Šablóna aplikácie Visio Office Open XML</comment>
  <comment xml:lang="sr">Офис опен ИксМЛ Визио шаблон</comment>
  <comment xml:lang="sv">Office Open XML Visio-mall</comment>
  <comment xml:lang="tr">Office Open XML Visio Şablonu</comment>
  <comment xml:lang="uk">шаблон Visio у форматі Office Open XML</comment>
  <comment xml:lang="zh_CN">OOXML Visio 模板</comment>
  <comment xml:lang="zh_TW">Office Open XML Visio 範本</comment>
  <generic-icon name="image-x-generic"/>
  <glob pattern="*.vstm"/>
  <sub-class-of type="application/zip"/>
</mime-type>
