<?xml version="1.0" encoding="utf-8"?>
<mime-type xmlns="http://www.freedesktop.org/standards/shared-mime-info" type="application/vnd.rn-realmedia">
  <!--Created automatically by update-mime-database. DO NOT EDIT!-->
  <comment>RealMedia document</comment>
  <comment xml:lang="ar">مستند RealMedia</comment>
  <comment xml:lang="be@latin">Dakument RealMedia</comment>
  <comment xml:lang="bg">Документ — RealMedia</comment>
  <comment xml:lang="ca">document RealMedia</comment>
  <comment xml:lang="cs">dokument RealMedia</comment>
  <comment xml:lang="da">RealMedia-dokument</comment>
  <comment xml:lang="de">RealMedia-Dokument</comment>
  <comment xml:lang="el">Έγγραφο RealMedia</comment>
  <comment xml:lang="en_GB">RealMedia document</comment>
  <comment xml:lang="eo">RealMedia-dokumento</comment>
  <comment xml:lang="es">documento RealMedia</comment>
  <comment xml:lang="eu">RealMedia dokumentua</comment>
  <comment xml:lang="fi">RealMedia-asiakirja</comment>
  <comment xml:lang="fo">RealMedia skjal</comment>
  <comment xml:lang="fr">document RealMedia</comment>
  <comment xml:lang="ga">cáipéis RealMedia</comment>
  <comment xml:lang="gl">documento RealMedia</comment>
  <comment xml:lang="he">מסמך של RealMedia</comment>
  <comment xml:lang="hr">RealMedia dokument</comment>
  <comment xml:lang="hu">RealMedia dokumentum</comment>
  <comment xml:lang="ia">Documento RealMedia</comment>
  <comment xml:lang="id">Dokumen RealMedia</comment>
  <comment xml:lang="it">Documento RealMedia</comment>
  <comment xml:lang="ja">RealMedia ドキュメント</comment>
  <comment xml:lang="kk">RealMedia құжаты</comment>
  <comment xml:lang="ko">RealMedia 문서</comment>
  <comment xml:lang="lt">RealMedia dokumentas</comment>
  <comment xml:lang="lv">RealMedia dokuments</comment>
  <comment xml:lang="nb">RealMedia-dokument</comment>
  <comment xml:lang="nl">RealMedia-document</comment>
  <comment xml:lang="nn">RealMedia-dokument</comment>
  <comment xml:lang="oc">document RealMedia</comment>
  <comment xml:lang="pl">Dokument RealMedia</comment>
  <comment xml:lang="pt">documento RealMedia</comment>
  <comment xml:lang="pt_BR">Documento RealMedia</comment>
  <comment xml:lang="ro">Document RealMedia</comment>
  <comment xml:lang="ru">документ RealMedia</comment>
  <comment xml:lang="sk">Dokument RealMedia</comment>
  <comment xml:lang="sl">Dokument RealMedia</comment>
  <comment xml:lang="sq">Dokument RealMedia</comment>
  <comment xml:lang="sr">документ Рил Медија</comment>
  <comment xml:lang="sv">RealMedia-dokument</comment>
  <comment xml:lang="tr">RealMedia belgesi</comment>
  <comment xml:lang="uk">документ RealMedia</comment>
  <comment xml:lang="vi">Tài liệu RealMedia</comment>
  <comment xml:lang="zh_CN">RealMedia 文档</comment>
  <comment xml:lang="zh_TW">RealMedia 文件</comment>
  <generic-icon name="video-x-generic"/>
  <glob pattern="*.rm"/>
  <glob pattern="*.rmj"/>
  <glob pattern="*.rmm"/>
  <glob pattern="*.rms"/>
  <glob pattern="*.rmx"/>
  <glob pattern="*.rmvb"/>
  <alias type="application/vnd.rn-realmedia-vbr"/>
</mime-type>
