<?xml version="1.0" encoding="utf-8"?>
<mime-type xmlns="http://www.freedesktop.org/standards/shared-mime-info" type="application/vnd.ms-excel.template.macroEnabled.12">
  <!--Created automatically by update-mime-database. DO NOT EDIT!-->
  <comment>Excel spreadsheet template</comment>
  <comment xml:lang="ca">plantilla de full de càlcul d'Excel</comment>
  <comment xml:lang="cs">šablona tabulky Excel</comment>
  <comment xml:lang="da">Excel-regnearksskabelon</comment>
  <comment xml:lang="de">Excel-Tabellenvorlage</comment>
  <comment xml:lang="el">Πρότυπο λογιστικού φύλλου Excel</comment>
  <comment xml:lang="en_GB">Excel spreadsheet template</comment>
  <comment xml:lang="es">plantilla de libro de Excel</comment>
  <comment xml:lang="eu">Excel kalkulu-orri txantiloia</comment>
  <comment xml:lang="fi">Excel-taulukkomalli</comment>
  <comment xml:lang="fr">modèle de feuille de calcul Excel</comment>
  <comment xml:lang="he">תבנית גיליון נתונים של Excel</comment>
  <comment xml:lang="hr">Predložak Excel proračunske tablice</comment>
  <comment xml:lang="hu">Excel munkafüzetsablon</comment>
  <comment xml:lang="ia">Patrono de folio de calculo Excel</comment>
  <comment xml:lang="id">Templat lembar kerja Excel</comment>
  <comment xml:lang="it">Modello foglio di calcolo Excel</comment>
  <comment xml:lang="kk">Excel кестесінің үлгісі</comment>
  <comment xml:lang="ko">액셀 스프레드시트 양식</comment>
  <comment xml:lang="oc">Modèl de fuèlh de calcul Excel</comment>
  <comment xml:lang="pl">Szablon arkusza Excel</comment>
  <comment xml:lang="pt">modelo de folha de cálculo Excel</comment>
  <comment xml:lang="pt_BR">Modelo de planilha do Excel</comment>
  <comment xml:lang="ru">шаблон таблицы Excel</comment>
  <comment xml:lang="sk">Šablóna tabuľky aplikácie Excel</comment>
  <comment xml:lang="sr">Шаблон табеле Ексела</comment>
  <comment xml:lang="sv">Excel-kalkylarksmall</comment>
  <comment xml:lang="tr">Excel hesap tablosu şablonu</comment>
  <comment xml:lang="uk">шаблон електронної таблиці Excel</comment>
  <comment xml:lang="zh_CN">Microsoft Excel 工作簿模板</comment>
  <comment xml:lang="zh_TW">Excel 試算表範本</comment>
  <generic-icon name="x-office-spreadsheet"/>
  <glob pattern="*.xltm"/>
  <sub-class-of type="application/vnd.openxmlformats-officedocument.spreadsheetml.template"/>
</mime-type>
