<?xml version="1.0" encoding="utf-8"?>
<mime-type xmlns="http://www.freedesktop.org/standards/shared-mime-info" type="application/vnd.lotus-1-2-3">
  <!--Created automatically by update-mime-database. DO NOT EDIT!-->
  <comment>Lotus 1-2-3 spreadsheet</comment>
  <comment xml:lang="ar">جدول Lotus 1-2-3</comment>
  <comment xml:lang="az">Lotus 1-2-3 hesab cədvəli</comment>
  <comment xml:lang="be@latin">Raźlikovy arkuš Lotus 1-2-3</comment>
  <comment xml:lang="bg">Таблица — Lotus 1-2-3</comment>
  <comment xml:lang="ca">full de càlcul de Lotus 1-2-3</comment>
  <comment xml:lang="cs">sešit Lotus 1-2-3</comment>
  <comment xml:lang="cy">Taenlen Lotus 1-2-3</comment>
  <comment xml:lang="da">Lotus 1-2-3-regneark</comment>
  <comment xml:lang="de">Lotus-1-2-3-Tabelle</comment>
  <comment xml:lang="el">Λογιστικό φύλλο Lotus 1-2-3</comment>
  <comment xml:lang="en_GB">Lotus 1-2-3 spreadsheet</comment>
  <comment xml:lang="eo">Kalkultabelo de Lotus 1-2-3</comment>
  <comment xml:lang="es">hoja de cálculo de Lotus 1-2-3</comment>
  <comment xml:lang="eu">Lotus 1-2-3 kalkulu-orria</comment>
  <comment xml:lang="fi">Lotus 1-2-3 -taulukko</comment>
  <comment xml:lang="fo">Lotus 1-2-3 rokniark</comment>
  <comment xml:lang="fr">feuille de calcul Lotus 1-2-3</comment>
  <comment xml:lang="ga">scarbhileog Lotus 1-2-3</comment>
  <comment xml:lang="gl">folla de cálculo de Lotus 1-2-3</comment>
  <comment xml:lang="he">גיליון נתונים של Lotus 1-2-3</comment>
  <comment xml:lang="hr">Lotus 1-2-3 proračunska tablica</comment>
  <comment xml:lang="hu">Lotus 1-2-3-munkafüzet</comment>
  <comment xml:lang="ia">Folio de calculo Lotus 1-2-3</comment>
  <comment xml:lang="id">Lembar sebar Lotus 1-2-3</comment>
  <comment xml:lang="it">Foglio di calcolo Lotus 1-2-3</comment>
  <comment xml:lang="ja">Lotus 1-2-3 スプレッドシート</comment>
  <comment xml:lang="kk">Lotus 1-2-3 электрондық кестесі</comment>
  <comment xml:lang="ko">Lotus 1-2-3 스프레드시트</comment>
  <comment xml:lang="lt">Lotus 1-2-3 skaičialentė</comment>
  <comment xml:lang="lv">Lotus 1-2-3 izklājlapa</comment>
  <comment xml:lang="ms">Hamparan Lotus 1-2-3</comment>
  <comment xml:lang="nb">Lotus 1-2-3 regneark</comment>
  <comment xml:lang="nl">Lotus 1-2-3-rekenblad</comment>
  <comment xml:lang="nn">Lotus 1-2-3 rekneark</comment>
  <comment xml:lang="oc">fuèlh de calcul Lotus 1-2-3</comment>
  <comment xml:lang="pl">Arkusz Lotus 1-2-3</comment>
  <comment xml:lang="pt">folha de cálculo Lotus 1-2-3</comment>
  <comment xml:lang="pt_BR">Planilha do Lotus 1-2-3</comment>
  <comment xml:lang="ro">Foaie de calcul Lotus 1-2-3</comment>
  <comment xml:lang="ru">электронная таблица Lotus 1-2-3</comment>
  <comment xml:lang="sk">Zošit Lotus 1-2-3</comment>
  <comment xml:lang="sl">Preglednica Lotus 1-2-3</comment>
  <comment xml:lang="sq">Fletë llogaritjesh Lotus 1-2-3</comment>
  <comment xml:lang="sr">Лотусова 1-2-3 табела</comment>
  <comment xml:lang="sv">Lotus 1-2-3-kalkylblad</comment>
  <comment xml:lang="tr">Lotus 1-2-3 hesap tablosu</comment>
  <comment xml:lang="uk">ел. таблиця Lotus 1-2-3</comment>
  <comment xml:lang="vi">Bảng tính Lotus 1-2-3</comment>
  <comment xml:lang="zh_CN">Lotus 1-2-3 工作簿</comment>
  <comment xml:lang="zh_TW">Lotus 1-2-3 試算表</comment>
  <generic-icon name="x-office-spreadsheet"/>
  <glob pattern="*.123"/>
  <glob pattern="*.wk1"/>
  <glob pattern="*.wk3"/>
  <glob pattern="*.wk4"/>
  <glob pattern="*.wks"/>
  <alias type="application/x-lotus123"/>
  <alias type="application/x-123"/>
  <alias type="application/lotus123"/>
  <alias type="application/wk1"/>
  <alias type="zz-application/zz-winassoc-123"/>
</mime-type>
