<?xml version="1.0" encoding="utf-8"?>
<mime-type xmlns="http://www.freedesktop.org/standards/shared-mime-info" type="application/vnd.sun.xml.writer">
  <!--Created automatically by update-mime-database. DO NOT EDIT!-->
  <comment>OpenOffice Writer document</comment>
  <comment xml:lang="ar">مستند Writer المكتب المفتوح</comment>
  <comment xml:lang="az">OpenOffice Writer sənədi</comment>
  <comment xml:lang="be@latin">Dakument OpenOffice Writer</comment>
  <comment xml:lang="bg">Документ — OpenOffice Writer</comment>
  <comment xml:lang="ca">document d'OpenOffice Writer</comment>
  <comment xml:lang="cs">dokument OpenOffice Writer</comment>
  <comment xml:lang="cy">Dogfen OpenOffice (Writer)</comment>
  <comment xml:lang="da">OpenOffice Writer-dokument</comment>
  <comment xml:lang="de">OpenOffice-Writer-Dokument</comment>
  <comment xml:lang="el">Έγγραφο OpenOffice Writer</comment>
  <comment xml:lang="en_GB">OpenOffice Writer document</comment>
  <comment xml:lang="es">documento de OpenOffice Writer</comment>
  <comment xml:lang="eu">OpenOffice.org Writer dokumentua</comment>
  <comment xml:lang="fi">OpenOffice Writer -asiakirja</comment>
  <comment xml:lang="fo">OpenOffice Writer skjal</comment>
  <comment xml:lang="fr">document OpenOffice Writer</comment>
  <comment xml:lang="ga">cáipéis OpenOffice Writer</comment>
  <comment xml:lang="gl">documento de OpenOffice Writer</comment>
  <comment xml:lang="he">מסמך של OpenOffice Writer</comment>
  <comment xml:lang="hr">OpenOffice Writer dokument</comment>
  <comment xml:lang="hu">OpenOffice Writer dokumentum</comment>
  <comment xml:lang="ia">Documento OpenOffice Writer</comment>
  <comment xml:lang="id">Dokumen OpenOffice Writer</comment>
  <comment xml:lang="it">Documento OpenOffice Writer</comment>
  <comment xml:lang="ja">OpenOffice Writer ドキュメント</comment>
  <comment xml:lang="ka">OpenOffice Writer-ის დოკუმენტი</comment>
  <comment xml:lang="kk">OpenOffice Writer құжаты</comment>
  <comment xml:lang="ko">OpenOffice Writer 문서</comment>
  <comment xml:lang="lt">OpenOffice Writer dokumentas</comment>
  <comment xml:lang="lv">OpenOffice Writer dokuments</comment>
  <comment xml:lang="nb">OpenOffice Writer-dokument</comment>
  <comment xml:lang="nl">OpenOffice.org Writer-document</comment>
  <comment xml:lang="nn">OpenOffice Writer-dokument</comment>
  <comment xml:lang="oc">document OpenOffice Writer</comment>
  <comment xml:lang="pl">Dokument OpenOffice.org Writer</comment>
  <comment xml:lang="pt">documento OpenOffice Writer</comment>
  <comment xml:lang="pt_BR">Documento do OpenOffice Writer</comment>
  <comment xml:lang="ro">Document OpenOffice Writer</comment>
  <comment xml:lang="ru">документ OpenOffice Writer</comment>
  <comment xml:lang="sk">Dokument OpenOffice Writer</comment>
  <comment xml:lang="sl">Dokument OpenOffice.org Writer</comment>
  <comment xml:lang="sq">Dokument OpenOffice Writer</comment>
  <comment xml:lang="sr">Документ Опен Офис Писца</comment>
  <comment xml:lang="sv">OpenOffice Writer-dokument</comment>
  <comment xml:lang="tr">OpenOffice Writer belgesi</comment>
  <comment xml:lang="uk">документ OpenOffice Writer</comment>
  <comment xml:lang="vi">Tài liệu Writer của OpenOffice.org</comment>
  <comment xml:lang="zh_CN">OpenOffice.org Writer 文档</comment>
  <comment xml:lang="zh_TW">OpenOffice Writer 文件</comment>
  <generic-icon name="x-office-document"/>
  <glob pattern="*.sxw"/>
</mime-type>
