<?xml version="1.0" encoding="utf-8"?>
<mime-type xmlns="http://www.freedesktop.org/standards/shared-mime-info" type="application/vnd.squashfs">
  <!--Created automatically by update-mime-database. DO NOT EDIT!-->
  <comment>Squashfs filesystem</comment>
  <comment xml:lang="ca">Sistema de fitxers Squashfs</comment>
  <comment xml:lang="da">Squashfs-filsystem</comment>
  <comment xml:lang="de">Squashfs-Dateisystem</comment>
  <comment xml:lang="es">sistema de archivos Squashfs</comment>
  <comment xml:lang="fr">système de fichiers Squashfs</comment>
  <comment xml:lang="he">מערכת קבצים Squashfs</comment>
  <comment xml:lang="hu">Squashfs fájlrendszer</comment>
  <comment xml:lang="kk">Squashfs файлдық жүйесі</comment>
  <comment xml:lang="ko">Squashfs 파일 시스템</comment>
  <comment xml:lang="pl">System plików SquashFS</comment>
  <comment xml:lang="pt_BR">Sistema de arquivos Squashfs</comment>
  <comment xml:lang="ru">файловая система Squashfs</comment>
  <comment xml:lang="sk">Systém súborov Squashfs</comment>
  <comment xml:lang="uk">файлова система squashfs</comment>
  <comment xml:lang="zh_CN">Squashfs 文件系统</comment>
  <comment xml:lang="zh_TW">Squashfs 檔案系統</comment>
  <glob pattern="*.sqsh"/>
</mime-type>
