<?xml version="1.0" encoding="utf-8"?>
<mime-type xmlns="http://www.freedesktop.org/standards/shared-mime-info" type="application/vnd.mozilla.xul+xml">
  <!--Created automatically by update-mime-database. DO NOT EDIT!-->
  <comment>XUL interface document</comment>
  <comment xml:lang="ar">مستند واجهة XUL</comment>
  <comment xml:lang="be@latin">Interfejsny dakument XUL</comment>
  <comment xml:lang="bg">Документ — интерфейс за XUL</comment>
  <comment xml:lang="ca">document d'interfície XUL</comment>
  <comment xml:lang="cs">dokument rozhraní XUL</comment>
  <comment xml:lang="da">XUL-grænsefladedokument</comment>
  <comment xml:lang="de">XUL-Oberflächendokument</comment>
  <comment xml:lang="el">Έγγραφο διεπαφής XUL</comment>
  <comment xml:lang="en_GB">XUL interface document</comment>
  <comment xml:lang="es">documento de interfaz XUL</comment>
  <comment xml:lang="eu">XUL interfazearen dokumentua</comment>
  <comment xml:lang="fi">XUL-käyttöliittymäasiakirja</comment>
  <comment xml:lang="fo">XUL markamótsskjal</comment>
  <comment xml:lang="fr">document d'interface XUL</comment>
  <comment xml:lang="ga">cáipéis chomhéadan XUL</comment>
  <comment xml:lang="gl">documento de interface XUL</comment>
  <comment xml:lang="he">מסמך ממשק XUL</comment>
  <comment xml:lang="hr">XUL dokument sučelja</comment>
  <comment xml:lang="hu">XUL-felületdokumentum</comment>
  <comment xml:lang="ia">Documento de interfacie XUL</comment>
  <comment xml:lang="id">Dokumen antarmuka XUL</comment>
  <comment xml:lang="it">Documento interfaccia XUL</comment>
  <comment xml:lang="ja">XUL インターフェイスドキュメント</comment>
  <comment xml:lang="kk">XUL интерфейс құжаты</comment>
  <comment xml:lang="ko">XUL 인터페이스 문서</comment>
  <comment xml:lang="lt">XUL sąsajos dokumentas</comment>
  <comment xml:lang="lv">XUL saskarnes dokuments</comment>
  <comment xml:lang="nb">XUL-grensesnittdokument</comment>
  <comment xml:lang="nl">XUL-interface-document</comment>
  <comment xml:lang="nn">XUL-grensesnitt-dokument</comment>
  <comment xml:lang="oc">document d'interfàcia XUL</comment>
  <comment xml:lang="pl">Dokument interfejsu XUL</comment>
  <comment xml:lang="pt">documento de ambiente XUL</comment>
  <comment xml:lang="pt_BR">Documento de interface XUL</comment>
  <comment xml:lang="ro">Document interfață XUL</comment>
  <comment xml:lang="ru">документ интерфейса XUL</comment>
  <comment xml:lang="sk">Dokument rozhrania XUL</comment>
  <comment xml:lang="sl">Dokument vmesnika XUL</comment>
  <comment xml:lang="sq">Dokument interfaqe XUL</comment>
  <comment xml:lang="sr">документ ИксУЛ сучеља</comment>
  <comment xml:lang="sv">XUL-gränssnittsdokument</comment>
  <comment xml:lang="tr">XUL arayüz belgesi</comment>
  <comment xml:lang="uk">документ інтерфейсу XUL</comment>
  <comment xml:lang="vi">Tài liệu giao diện XUL</comment>
  <comment xml:lang="zh_CN">XUL 界面文档</comment>
  <comment xml:lang="zh_TW">XUL 介面文件</comment>
  <acronym>XUL</acronym>
  <expanded-acronym>XML User interface markup Language</expanded-acronym>
  <sub-class-of type="application/xml"/>
  <generic-icon name="x-office-document"/>
  <glob pattern="*.xul"/>
</mime-type>
