<?xml version="1.0" encoding="utf-8"?>
<mime-type xmlns="http://www.freedesktop.org/standards/shared-mime-info" type="application/vnd.openxmlformats-officedocument.wordprocessingml.document">
  <!--Created automatically by update-mime-database. DO NOT EDIT!-->
  <comment>Word 2007 document</comment>
  <comment xml:lang="ar">مستند Word 2007</comment>
  <comment xml:lang="bg">Документ — Word 2007</comment>
  <comment xml:lang="ca">document de Word 2007</comment>
  <comment xml:lang="cs">dokument Word 2007</comment>
  <comment xml:lang="da">Word 2007-dokument</comment>
  <comment xml:lang="de">Word-2007-Dokument</comment>
  <comment xml:lang="el">Έγγραφο Word 2007</comment>
  <comment xml:lang="en_GB">Word 2007 document</comment>
  <comment xml:lang="es">documento de Word 2007</comment>
  <comment xml:lang="eu">Word 2007 dokumentua</comment>
  <comment xml:lang="fi">Word 2007 -asiakirja</comment>
  <comment xml:lang="fo">Word 2007 skjal</comment>
  <comment xml:lang="fr">document Word 2007</comment>
  <comment xml:lang="ga">cáipéis Word 2007</comment>
  <comment xml:lang="gl">documento de Word 2007</comment>
  <comment xml:lang="he">מסמך Word 2007</comment>
  <comment xml:lang="hr">Word 2007 dokument</comment>
  <comment xml:lang="hu">Word 2007 dokumentum</comment>
  <comment xml:lang="ia">Documento Word 2007</comment>
  <comment xml:lang="id">Dokumen Word 2007</comment>
  <comment xml:lang="it">Documento Word 2007</comment>
  <comment xml:lang="ja">Word 2007 ドキュメント</comment>
  <comment xml:lang="kk">Word 2007 құжаты</comment>
  <comment xml:lang="ko">Word 2007 문서</comment>
  <comment xml:lang="lt">Word 2007 dokumentas</comment>
  <comment xml:lang="lv">Word 2007 dokuments</comment>
  <comment xml:lang="nl">Word 2007-document</comment>
  <comment xml:lang="oc">document Word 2007</comment>
  <comment xml:lang="pl">Dokument Word 2007</comment>
  <comment xml:lang="pt">documento Word 2007</comment>
  <comment xml:lang="pt_BR">Documento do Word 2007</comment>
  <comment xml:lang="ro">Document Word 2007</comment>
  <comment xml:lang="ru">документ Word 2007</comment>
  <comment xml:lang="sk">Dokument Word 2007</comment>
  <comment xml:lang="sl">Dokument Word 2007</comment>
  <comment xml:lang="sr">документ Ворда 2007</comment>
  <comment xml:lang="sv">Word 2007-dokument</comment>
  <comment xml:lang="tr">Word 2007 belgesi</comment>
  <comment xml:lang="uk">документ Word 2007</comment>
  <comment xml:lang="vi">Tài liệu Word 2007</comment>
  <comment xml:lang="zh_CN">Microsoft Word 2007 文档</comment>
  <comment xml:lang="zh_TW">Word 2007 文件</comment>
  <glob pattern="*.docx"/>
  <sub-class-of type="application/zip"/>
  <generic-icon name="x-office-document"/>
</mime-type>
