<?xml version="1.0" encoding="utf-8"?>
<mime-type xmlns="http://www.freedesktop.org/standards/shared-mime-info" type="application/vnd.apple.mpegurl">
  <!--Created automatically by update-mime-database. DO NOT EDIT!-->
  <comment>HTTP Live Streaming playlist</comment>
  <comment xml:lang="ar">قائمة بث HTTP حية</comment>
  <comment xml:lang="bg">Списък за изпълнение — поток по HTTP</comment>
  <comment xml:lang="ca">llista de reproducció en temps real HTTP</comment>
  <comment xml:lang="cs">seznam k přehrání HTTP Live Streaming</comment>
  <comment xml:lang="da">Afspilningsliste til HTTP-livestrøm</comment>
  <comment xml:lang="de">HTTP Live-Streaming-Wiedergabeliste</comment>
  <comment xml:lang="el">Λίστα αναπαραγωγής ζωντανής μετάδοσης σε HTTP</comment>
  <comment xml:lang="en_GB">HTTP Live Streaming playlist</comment>
  <comment xml:lang="es">lista de reproducción de flujo en directo HTTP</comment>
  <comment xml:lang="eu">HTTP zuzeneko korrontearen erreprodukzio-zerrenda</comment>
  <comment xml:lang="fo">HTTP beinleiðis streymaður avspælingarlisti</comment>
  <comment xml:lang="fr">liste de lecture de flux HTTP Live</comment>
  <comment xml:lang="ga">seinmliosta sruthaithe bheo HTTP</comment>
  <comment xml:lang="gl">lista de reprodución de fluxo HTTP</comment>
  <comment xml:lang="he">רשימת השמעה הזרימה של HTTP</comment>
  <comment xml:lang="hr">HTTP popis izvođenja emitiranja uživo</comment>
  <comment xml:lang="hu">HTTP élő lejátszólista</comment>
  <comment xml:lang="ia">Lista de selection HTTP Live Streaming</comment>
  <comment xml:lang="id">Daftar putar HTTP Live Streaming</comment>
  <comment xml:lang="it">Playlist Live Steaming HTTP</comment>
  <comment xml:lang="ja">HTTP ライブストリーミング再生リスト</comment>
  <comment xml:lang="kk">HTTP тірі ағым ойнау тізімі</comment>
  <comment xml:lang="ko">HTTP 라이브 스트리밍 재생 목록</comment>
  <comment xml:lang="lt">HTTP tiesioginio transliavimo grojaraštis</comment>
  <comment xml:lang="lv">HTTP dzīvās straumēšanas repertuārs</comment>
  <comment xml:lang="nl">HTTP Live Streaming afspeellijst</comment>
  <comment xml:lang="oc">lista de lectura de flux HTTP Live</comment>
  <comment xml:lang="pl">Lista odtwarzania strumieniowego na żywo HTTP</comment>
  <comment xml:lang="pt">lista de reprodução HTTP Live Streaming</comment>
  <comment xml:lang="pt_BR">Lista de Reprodução Streaming ao Vivo de HTTP</comment>
  <comment xml:lang="ro">Listă de redare difuzată ca flux HTTP</comment>
  <comment xml:lang="ru">список воспроизведения HTTP-потока</comment>
  <comment xml:lang="sk">Zoznam stôp HTTP Live Streaming</comment>
  <comment xml:lang="sl">Seznam predvajanja živega pretoka HTTP</comment>
  <comment xml:lang="sr">ХТТП списак нумера Живог Протока</comment>
  <comment xml:lang="sv">HTTP Live Streaming-spellista</comment>
  <comment xml:lang="tr">HTTP Canlı Akış çalma listesi</comment>
  <comment xml:lang="uk">список відтворення HTTP Live Streaming</comment>
  <comment xml:lang="zh_CN">HTTP 直播流播放列表</comment>
  <comment xml:lang="zh_TW">HTTP 即時串流播放清單</comment>
  <sub-class-of type="text/plain"/>
  <glob pattern="*.m3u"/>
  <glob pattern="*.m3u8"/>
</mime-type>
