<?xml version="1.0" encoding="utf-8"?>
<mime-type xmlns="http://www.freedesktop.org/standards/shared-mime-info" type="application/x-atari-2600-rom">
  <!--Created automatically by update-mime-database. DO NOT EDIT!-->
  <comment>Atari 2600</comment>
  <comment xml:lang="ca">Atari 2600</comment>
  <comment xml:lang="da">Atari 2600</comment>
  <comment xml:lang="de">Atari 2600</comment>
  <comment xml:lang="es">Atari 2600</comment>
  <comment xml:lang="fi">Atari 2600</comment>
  <comment xml:lang="fr">Atari 2600</comment>
  <comment xml:lang="he">אטארי 2600</comment>
  <comment xml:lang="hu">Atari 2600</comment>
  <comment xml:lang="kk">Atari 2600</comment>
  <comment xml:lang="ko">Atari 2600</comment>
  <comment xml:lang="pl">Atari 2600</comment>
  <comment xml:lang="pt_BR">Atari 2600</comment>
  <comment xml:lang="ru">Atari 2600</comment>
  <comment xml:lang="sk">Atari 2600</comment>
  <comment xml:lang="uk">Atari 2600</comment>
  <comment xml:lang="zh_CN">雅达利 2600</comment>
  <comment xml:lang="zh_TW">Atari 2600</comment>
  <generic-icon name="application-x-executable"/>
  <glob pattern="*.a26"/>
</mime-type>
