<?xml version="1.0" encoding="utf-8"?>
<mime-type xmlns="http://www.freedesktop.org/standards/shared-mime-info" type="application/x-bcpio">
  <!--Created automatically by update-mime-database. DO NOT EDIT!-->
  <comment>BCPIO document</comment>
  <comment xml:lang="ar">مستند BCPIO</comment>
  <comment xml:lang="az">BCPIO sənədi</comment>
  <comment xml:lang="be@latin">Dakument BCPIO</comment>
  <comment xml:lang="bg">Документ — BCPIO</comment>
  <comment xml:lang="ca">document BCPIO</comment>
  <comment xml:lang="cs">dokument BCPIO</comment>
  <comment xml:lang="cy">Dogfen BCPIO</comment>
  <comment xml:lang="da">BCPIO-dokument</comment>
  <comment xml:lang="de">BCPIO-Dokument</comment>
  <comment xml:lang="el">Έγγραφο BCPIO</comment>
  <comment xml:lang="en_GB">BCPIO document</comment>
  <comment xml:lang="eo">BCPIO-dokumento</comment>
  <comment xml:lang="es">documento BCPIO</comment>
  <comment xml:lang="eu">BCPIO dokumentua</comment>
  <comment xml:lang="fi">BCPIO-asiakirja</comment>
  <comment xml:lang="fo">BCPIO skjal</comment>
  <comment xml:lang="fr">document BCPIO</comment>
  <comment xml:lang="ga">cáipéis BCPIO</comment>
  <comment xml:lang="gl">documento BCPIO</comment>
  <comment xml:lang="he">מסמך של BCPO</comment>
  <comment xml:lang="hr">BCPIO dokument</comment>
  <comment xml:lang="hu">BCPIO-dokumentum</comment>
  <comment xml:lang="ia">Documento BCPIO</comment>
  <comment xml:lang="id">Dokumen BCPIO</comment>
  <comment xml:lang="it">Documento BCPIO</comment>
  <comment xml:lang="ja">BCPIO ドキュメント</comment>
  <comment xml:lang="ka">BCPIO-ის დოკუმენტი</comment>
  <comment xml:lang="kk">BCPIO құжаты</comment>
  <comment xml:lang="ko">BCPIO 문서</comment>
  <comment xml:lang="lt">BCPIO dokumentas</comment>
  <comment xml:lang="lv">BCPIO dokuments</comment>
  <comment xml:lang="ms">Dokumen BCPIO</comment>
  <comment xml:lang="nb">BCPIO-dokument</comment>
  <comment xml:lang="nl">BCPIO-document</comment>
  <comment xml:lang="nn">BCPIO-dokument</comment>
  <comment xml:lang="oc">document BCPIO</comment>
  <comment xml:lang="pl">Dokument BCPIO</comment>
  <comment xml:lang="pt">documento BCPIO</comment>
  <comment xml:lang="pt_BR">Documento BCPIO</comment>
  <comment xml:lang="ro">Document BCPIO</comment>
  <comment xml:lang="ru">документ BCPIO</comment>
  <comment xml:lang="sk">Dokument BCPIO</comment>
  <comment xml:lang="sl">Dokument BCPIO</comment>
  <comment xml:lang="sq">Dokument BCPIO</comment>
  <comment xml:lang="sr">БЦПИО документ</comment>
  <comment xml:lang="sv">BCPIO-dokument</comment>
  <comment xml:lang="tr">BCPIO belgesi</comment>
  <comment xml:lang="uk">документ BCPIO</comment>
  <comment xml:lang="vi">Tài liệu BCPIO</comment>
  <comment xml:lang="zh_CN">BCPIO 文档</comment>
  <comment xml:lang="zh_TW">BCPIO 文件</comment>
  <acronym>BCPIO</acronym>
  <expanded-acronym>Binary CPIO</expanded-acronym>
  <generic-icon name="package-x-generic"/>
  <glob pattern="*.bcpio"/>
</mime-type>
