<?xml version="1.0" encoding="utf-8"?>
<mime-type xmlns="http://www.freedesktop.org/standards/shared-mime-info" type="application/x-bzip">
  <!--Created automatically by update-mime-database. DO NOT EDIT!-->
  <comment>Bzip archive</comment>
  <comment xml:lang="ar">أرشيف Bzip</comment>
  <comment xml:lang="be@latin">Archiŭ bzip</comment>
  <comment xml:lang="bg">Архив — bzip</comment>
  <comment xml:lang="ca">arxiu bzip</comment>
  <comment xml:lang="cs">archiv bzip</comment>
  <comment xml:lang="da">Bzip-arkiv</comment>
  <comment xml:lang="de">Bzip-Archiv</comment>
  <comment xml:lang="el">Συμπιεσμένο αρχείο Bzip</comment>
  <comment xml:lang="en_GB">Bzip archive</comment>
  <comment xml:lang="eo">Bzip-arkivo</comment>
  <comment xml:lang="es">archivador Bzip</comment>
  <comment xml:lang="eu">Bzip artxiboa</comment>
  <comment xml:lang="fi">Bzip-arkisto</comment>
  <comment xml:lang="fo">Bzip skjalasavn</comment>
  <comment xml:lang="fr">archive bzip</comment>
  <comment xml:lang="ga">cartlann Bzip</comment>
  <comment xml:lang="gl">arquivo Bzip</comment>
  <comment xml:lang="he">ארכיון Bzip</comment>
  <comment xml:lang="hr">Bzip arhiva</comment>
  <comment xml:lang="hu">Bzip archívum</comment>
  <comment xml:lang="ia">Archivo Bzip</comment>
  <comment xml:lang="id">Arsip Bzip</comment>
  <comment xml:lang="it">Archivio bzip</comment>
  <comment xml:lang="ja">Bzip アーカイブ</comment>
  <comment xml:lang="ka">Bzip არქივი</comment>
  <comment xml:lang="kk">Bzip архиві</comment>
  <comment xml:lang="ko">BZIP 압축 파일</comment>
  <comment xml:lang="lt">Bzip archyvas</comment>
  <comment xml:lang="lv">Bzip arhīvs</comment>
  <comment xml:lang="nb">Bzip-arkiv</comment>
  <comment xml:lang="nl">Bzip-archief</comment>
  <comment xml:lang="nn">Bzip-arkiv</comment>
  <comment xml:lang="oc">archiu bzip</comment>
  <comment xml:lang="pl">Archiwum bzip</comment>
  <comment xml:lang="pt">arquivo Bzip</comment>
  <comment xml:lang="pt_BR">Pacote Bzip</comment>
  <comment xml:lang="ro">Arhivă Bzip</comment>
  <comment xml:lang="ru">архив BZIP</comment>
  <comment xml:lang="sk">Archív bzip</comment>
  <comment xml:lang="sl">Datoteka arhiva Bzip</comment>
  <comment xml:lang="sq">Arkiv bzip</comment>
  <comment xml:lang="sr">Бзип архива</comment>
  <comment xml:lang="sv">Bzip-arkiv</comment>
  <comment xml:lang="tr">Bzip arşivi</comment>
  <comment xml:lang="uk">архів bzip</comment>
  <comment xml:lang="vi">Kho nén bzip</comment>
  <comment xml:lang="zh_CN">bzip 归档文件</comment>
  <comment xml:lang="zh_TW">Bzip 封存檔</comment>
  <generic-icon name="package-x-generic"/>
  <glob pattern="*.bz2"/>
  <glob pattern="*.bz"/>
  <alias type="application/x-bzip2"/>
</mime-type>
