<?xml version="1.0" encoding="utf-8"?>
<mime-type xmlns="http://www.freedesktop.org/standards/shared-mime-info" type="application/x-bzpdf">
  <!--Created automatically by update-mime-database. DO NOT EDIT!-->
  <comment>PDF document (bzip-compressed)</comment>
  <comment xml:lang="ar">مستند PDF (مضغوط-bzip)</comment>
  <comment xml:lang="be@latin">Dakument PDF (bzip-skampresavany)</comment>
  <comment xml:lang="bg">Документ — PDF, компресиран с bzip</comment>
  <comment xml:lang="ca">document PDF (amb compressió bzip)</comment>
  <comment xml:lang="cs">dokument PDF (komprimovaný pomocí bzip)</comment>
  <comment xml:lang="da">PDF-dokument (bzip-komprimeret)</comment>
  <comment xml:lang="de">PDF-Dokument (bzip-komprimiert)</comment>
  <comment xml:lang="el">Έγγραφο PDF (συμπιεσμένο με bzip)</comment>
  <comment xml:lang="en_GB">PDF document (bzip-compressed)</comment>
  <comment xml:lang="es">documento PDF (comprimido con bzip)</comment>
  <comment xml:lang="eu">PostScript dokumentua (bzip-ekin konprimitua)</comment>
  <comment xml:lang="fi">PDF-asiakirja (bzip-pakattu)</comment>
  <comment xml:lang="fo">PDF skjal (bzip-stappað)</comment>
  <comment xml:lang="fr">document PDF (compressé bzip)</comment>
  <comment xml:lang="ga">cáipéis PDF (comhbhrúite le bzip)</comment>
  <comment xml:lang="gl">documento PDF (comprimido en bzip)</comment>
  <comment xml:lang="he">מסמך PDF (מכווץ ע״י bzip)</comment>
  <comment xml:lang="hr">PDF dokument (bzip sažet)</comment>
  <comment xml:lang="hu">PDF dokumentum (bzip-tömörítésű)</comment>
  <comment xml:lang="ia">Documento PDF (comprimite con bzip)</comment>
  <comment xml:lang="id">Dokumen PDF (terkompresi bzip)</comment>
  <comment xml:lang="it">Documento PDF (compresso con bzip)</comment>
  <comment xml:lang="ja">PDF ドキュメント (bzip 圧縮)</comment>
  <comment xml:lang="kk">PDF құжаты (bzip-пен сығылған)</comment>
  <comment xml:lang="ko">PDF 문서(BZIP 압축)</comment>
  <comment xml:lang="lt">PDF dokumentas (suglaudintas su bzip)</comment>
  <comment xml:lang="lv">PDF dokuments (saspiests ar bzip)</comment>
  <comment xml:lang="nb">PDF-dokument (bzip-komprimert)</comment>
  <comment xml:lang="nl">PDF-document (ingepakt met bzip)</comment>
  <comment xml:lang="nn">PDF-dokument (pakka med bzip)</comment>
  <comment xml:lang="oc">document PDF (compressat bzip)</comment>
  <comment xml:lang="pl">Dokument PDF (kompresja bzip)</comment>
  <comment xml:lang="pt">documento PDF (compressão bzip)</comment>
  <comment xml:lang="pt_BR">Documento PDF (compactado com bzip)</comment>
  <comment xml:lang="ro">Document PDF (comprimat bzip)</comment>
  <comment xml:lang="ru">документ PDF (сжатый bzip)</comment>
  <comment xml:lang="sk">Dokument PDF (komprimovaný pomocou bzip)</comment>
  <comment xml:lang="sl">Dokument PDF (stisnjen z bzip)</comment>
  <comment xml:lang="sq">Dokument PDF (i kompresuar me bzip)</comment>
  <comment xml:lang="sr">ПДФ документ (запакован бзипом)</comment>
  <comment xml:lang="sv">PDF-dokument (bzip-komprimerat)</comment>
  <comment xml:lang="tr">PDF belgesi (bzip ile sıkıştırılmış)</comment>
  <comment xml:lang="uk">документ PDF (стиснений bzip)</comment>
  <comment xml:lang="vi">Tài liệu PDF (đã nén bzip)</comment>
  <comment xml:lang="zh_CN">PDF 文档(bzip 压缩)</comment>
  <comment xml:lang="zh_TW">PDF 文件 (bzip 格式壓縮)</comment>
  <sub-class-of type="application/x-bzip"/>
  <generic-icon name="x-office-document"/>
  <glob pattern="*.pdf.bz2"/>
</mime-type>
