<?xml version="1.0" encoding="utf-8"?>
<mime-type xmlns="http://www.freedesktop.org/standards/shared-mime-info" type="application/x-core">
  <!--Created automatically by update-mime-database. DO NOT EDIT!-->
  <comment>program crash data</comment>
  <comment xml:lang="ar">معلومات انهيار البرنامج</comment>
  <comment xml:lang="be@latin">źviestki złamanaj prahramy</comment>
  <comment xml:lang="bg">Данни от забиване на програма</comment>
  <comment xml:lang="ca">dades de fallada de programa</comment>
  <comment xml:lang="cs">data o pádu programu</comment>
  <comment xml:lang="da">programnedbrudsdata</comment>
  <comment xml:lang="de">Daten zu Programmabsturz</comment>
  <comment xml:lang="el">δεδομένα από την κατάρρευση προγράμματος</comment>
  <comment xml:lang="en_GB">program crash data</comment>
  <comment xml:lang="eo">datumo pri kraŝo de programo</comment>
  <comment xml:lang="es">datos de cuelgue de programa</comment>
  <comment xml:lang="eu">programaren kraskaduraren datuak</comment>
  <comment xml:lang="fi">ohjelman kaatumistiedot</comment>
  <comment xml:lang="fo">forrits sordáta</comment>
  <comment xml:lang="fr">données de plantage de programme</comment>
  <comment xml:lang="ga">sonraí thuairt ríomhchláir</comment>
  <comment xml:lang="gl">datos de colgue do programa</comment>
  <comment xml:lang="he">מידע מקריסת תכנית</comment>
  <comment xml:lang="hr">podaci o rušenju programa</comment>
  <comment xml:lang="hu">összeomlott program adatai</comment>
  <comment xml:lang="ia">Datos de fallimento de programma</comment>
  <comment xml:lang="id">data program macet</comment>
  <comment xml:lang="it">Dati crash di applicazione</comment>
  <comment xml:lang="ja">プログラムクラッシュデータ</comment>
  <comment xml:lang="kk">апатты аяқтаудың мәліметтері</comment>
  <comment xml:lang="ko">프로그램 비정상 종료 데이터</comment>
  <comment xml:lang="lt">programos nulūžimo duomenys</comment>
  <comment xml:lang="lv">programmas avārijas dati</comment>
  <comment xml:lang="ms">Data program musnah</comment>
  <comment xml:lang="nb">krasjdata fra program</comment>
  <comment xml:lang="nl">programma-crashgegevens</comment>
  <comment xml:lang="nn">data om programkrasj</comment>
  <comment xml:lang="oc">donadas de plantage de programa</comment>
  <comment xml:lang="pl">Dane awarii programu</comment>
  <comment xml:lang="pt">dados de rebentamento de aplicação</comment>
  <comment xml:lang="pt_BR">Dados de travamento de programa</comment>
  <comment xml:lang="ro">date eroare program</comment>
  <comment xml:lang="ru">данные аварийного завершения</comment>
  <comment xml:lang="sk">Údaje o páde programu</comment>
  <comment xml:lang="sl">podatki sesutja programa</comment>
  <comment xml:lang="sq">Të dhëna nga programi i bllokuar</comment>
  <comment xml:lang="sr">подаци о падовима програма</comment>
  <comment xml:lang="sv">programkraschdata</comment>
  <comment xml:lang="tr">program çökme verisi</comment>
  <comment xml:lang="uk">аварійні дані про програму</comment>
  <comment xml:lang="vi">dữ liệu sụp đổ chương trình</comment>
  <comment xml:lang="zh_CN">程序崩溃数据</comment>
  <comment xml:lang="zh_TW">程式當掉資料</comment>
  <glob pattern="core" case-sensitive="true"/>
</mime-type>
