<?xml version="1.0" encoding="utf-8"?>
<mime-type xmlns="http://www.freedesktop.org/standards/shared-mime-info" type="application/x-dc-rom">
  <!--Created automatically by update-mime-database. DO NOT EDIT!-->
  <comment>Dreamcast GD-ROM</comment>
  <comment xml:lang="ca">GD-ROM de Dreamcast</comment>
  <comment xml:lang="cs">GD-ROM pro Dreamcast</comment>
  <comment xml:lang="da">Dreamcast GD-ROM</comment>
  <comment xml:lang="de">Dreamcast GD-ROM</comment>
  <comment xml:lang="el">Dreamcast GD-ROM</comment>
  <comment xml:lang="en_GB">Dreamcast GD-ROM</comment>
  <comment xml:lang="es">GD-ROM de Dreamcast</comment>
  <comment xml:lang="eu">Dreamcast GD-ROM</comment>
  <comment xml:lang="fr">GD-ROM Dreamcast</comment>
  <comment xml:lang="he">Dreamcast GD-ROM</comment>
  <comment xml:lang="hr">Dreamcast GD-ROM</comment>
  <comment xml:lang="hu">Dreamcast GD-ROM</comment>
  <comment xml:lang="ia">GD-ROM Dreamcast</comment>
  <comment xml:lang="id">GD-ROM Dreamcast</comment>
  <comment xml:lang="it">GD-ROM Dreamcast</comment>
  <comment xml:lang="kk">Dreamcast GD-ROM</comment>
  <comment xml:lang="ko">드림캐스트 GD-ROM</comment>
  <comment xml:lang="oc">GD-ROM Dreamcast</comment>
  <comment xml:lang="pl">Plik GD-ROM konsoli Dreamcast</comment>
  <comment xml:lang="pt">GD-ROM Dreamcast</comment>
  <comment xml:lang="pt_BR">GD-ROM do Dreamcast</comment>
  <comment xml:lang="ru">GD-ROM Dreamcast</comment>
  <comment xml:lang="sk">Dreamcast GD-ROM</comment>
  <comment xml:lang="sr">Дримкаст ГД-РОМ</comment>
  <comment xml:lang="sv">Dreamcast-gd-rom</comment>
  <comment xml:lang="tr">Dreamcast GD-ROM</comment>
  <comment xml:lang="uk">GD-ROM Dreamcast</comment>
  <comment xml:lang="zh_CN">Dreamcast CD-ROM</comment>
  <comment xml:lang="zh_TW">Dreamcast GD-ROM</comment>
  <generic-icon name="application-x-executable"/>
  <glob pattern="*.dc"/>
</mime-type>
