<?xml version="1.0" encoding="utf-8"?>
<mime-type xmlns="http://www.freedesktop.org/standards/shared-mime-info" type="application/x-docbook+xml">
  <!--Created automatically by update-mime-database. DO NOT EDIT!-->
  <comment>DocBook document</comment>
  <comment xml:lang="ar">مستند DocBook</comment>
  <comment xml:lang="be@latin">Dakument DocBook</comment>
  <comment xml:lang="bg">Документ — DocBook</comment>
  <comment xml:lang="ca">document DocBook</comment>
  <comment xml:lang="cs">dokument DocBook</comment>
  <comment xml:lang="da">DocBook-dokument</comment>
  <comment xml:lang="de">DocBook-Dokument</comment>
  <comment xml:lang="el">Έγγραφο DocBook</comment>
  <comment xml:lang="en_GB">DocBook document</comment>
  <comment xml:lang="eo">DocBook-dokumento</comment>
  <comment xml:lang="es">documento DocBook</comment>
  <comment xml:lang="eu">DocBook dokumentua</comment>
  <comment xml:lang="fi">DocBook-asiakirja</comment>
  <comment xml:lang="fo">DocBook skjal</comment>
  <comment xml:lang="fr">document DocBook</comment>
  <comment xml:lang="ga">cáipéis DocBook</comment>
  <comment xml:lang="gl">documento de DocBook</comment>
  <comment xml:lang="he">מסמך DocBook</comment>
  <comment xml:lang="hr">DocBook dokument</comment>
  <comment xml:lang="hu">DocBook dokumentum</comment>
  <comment xml:lang="ia">Documento DocBook</comment>
  <comment xml:lang="id">Dokumen DocBook</comment>
  <comment xml:lang="it">Documento DocBook</comment>
  <comment xml:lang="ja">DocBook ドキュメント</comment>
  <comment xml:lang="ka">DocBook-ის დოკუმენტი</comment>
  <comment xml:lang="kk">DocBook құжаты</comment>
  <comment xml:lang="ko">DocBook 문서</comment>
  <comment xml:lang="lt">DocBook dokumentas</comment>
  <comment xml:lang="lv">DocBook dokuments</comment>
  <comment xml:lang="nb">DocBook-dokument</comment>
  <comment xml:lang="nl">DocBook-document</comment>
  <comment xml:lang="nn">DocBook-dokument</comment>
  <comment xml:lang="oc">document DocBook</comment>
  <comment xml:lang="pl">Dokument DocBook</comment>
  <comment xml:lang="pt">documento DocBook</comment>
  <comment xml:lang="pt_BR">Documento DocBook</comment>
  <comment xml:lang="ro">Document DocBook</comment>
  <comment xml:lang="ru">документ DocBook</comment>
  <comment xml:lang="sk">Dokument DocBook</comment>
  <comment xml:lang="sl">Dokument DocBook</comment>
  <comment xml:lang="sq">Dokument DocBook</comment>
  <comment xml:lang="sr">Док Бук документ</comment>
  <comment xml:lang="sv">DocBook-dokument</comment>
  <comment xml:lang="tr">DocBook belgesi</comment>
  <comment xml:lang="uk">документ DocBook</comment>
  <comment xml:lang="vi">Tài liệu DocBook</comment>
  <comment xml:lang="zh_CN">DocBook 文档</comment>
  <comment xml:lang="zh_TW">DocBook 文件</comment>
  <sub-class-of type="application/xml"/>
  <generic-icon name="x-office-document"/>
  <glob pattern="*.dbk"/>
  <glob pattern="*.docbook"/>
  <alias type="application/docbook+xml"/>
  <alias type="application/vnd.oasis.docbook+xml"/>
</mime-type>
