<?xml version="1.0" encoding="utf-8"?>
<mime-type xmlns="http://www.freedesktop.org/standards/shared-mime-info" type="application/x-doom-wad">
  <!--Created automatically by update-mime-database. DO NOT EDIT!-->
  <comment>Doom WAD</comment>
  <comment xml:lang="ca">WAD de Doom</comment>
  <comment xml:lang="cs">datový balík WAD hry Doom</comment>
  <comment xml:lang="da">Doom WAD</comment>
  <comment xml:lang="de">Doom WAD</comment>
  <comment xml:lang="en_GB">Doom WAD</comment>
  <comment xml:lang="es">WAD de Doom</comment>
  <comment xml:lang="eu">Doom WAD</comment>
  <comment xml:lang="fr">WAD Doom</comment>
  <comment xml:lang="hr">Doom WAD</comment>
  <comment xml:lang="hu">Doom WAD</comment>
  <comment xml:lang="ia">WAD pro Doom</comment>
  <comment xml:lang="id">WAD Doom</comment>
  <comment xml:lang="it">WAD Doom</comment>
  <comment xml:lang="kk">Doom WAD</comment>
  <comment xml:lang="ko">둠 WAD</comment>
  <comment xml:lang="pl">Plik WAD gry Doom</comment>
  <comment xml:lang="pt">Doom WAD</comment>
  <comment xml:lang="pt_BR">Doom WAD</comment>
  <comment xml:lang="ru">WAD Doom</comment>
  <comment xml:lang="sk">Doom WAD</comment>
  <comment xml:lang="sr">Дум ВАД</comment>
  <comment xml:lang="sv">Doom-WAD</comment>
  <comment xml:lang="tr">Doom WAD</comment>
  <comment xml:lang="uk">WAD Doom</comment>
  <comment xml:lang="zh_CN">Doom WAD</comment>
  <comment xml:lang="zh_TW">Doom WAD</comment>
  <acronym>WAD</acronym>
  <expanded-acronym>Where's All the Data</expanded-acronym>
  <generic-icon name="package-x-generic"/>
  <glob weight="80" pattern="*.wad"/>
</mime-type>
