<?xml version="1.0" encoding="utf-8"?>
<mime-type xmlns="http://www.freedesktop.org/standards/shared-mime-info" type="application/x-executable">
  <!--Created automatically by update-mime-database. DO NOT EDIT!-->
  <comment>executable</comment>
  <comment xml:lang="ar">تنفيذي</comment>
  <comment xml:lang="be@latin">vykonvalny fajł</comment>
  <comment xml:lang="bg">Изпълним файл</comment>
  <comment xml:lang="ca">executable</comment>
  <comment xml:lang="cs">spustitelný soubor</comment>
  <comment xml:lang="da">kørbar</comment>
  <comment xml:lang="de">Programm</comment>
  <comment xml:lang="el">Εκτελέσιμο</comment>
  <comment xml:lang="en_GB">executable</comment>
  <comment xml:lang="eo">plenumebla</comment>
  <comment xml:lang="es">ejecutable</comment>
  <comment xml:lang="eu">exekutagarria</comment>
  <comment xml:lang="fi">suoritettava ohjelma</comment>
  <comment xml:lang="fo">inningarfør</comment>
  <comment xml:lang="fr">exécutable</comment>
  <comment xml:lang="ga">comhad inrite</comment>
  <comment xml:lang="gl">executábel</comment>
  <comment xml:lang="he">קובץ הרצה</comment>
  <comment xml:lang="hr">izvršna datoteka</comment>
  <comment xml:lang="hu">futtatható</comment>
  <comment xml:lang="ia">Executabile</comment>
  <comment xml:lang="id">dapat dieksekusi</comment>
  <comment xml:lang="it">Eseguibile</comment>
  <comment xml:lang="ja">実行ファイル</comment>
  <comment xml:lang="kk">орындалатын</comment>
  <comment xml:lang="ko">실행 파일</comment>
  <comment xml:lang="lt">vykdomasis failas</comment>
  <comment xml:lang="lv">izpildāmais</comment>
  <comment xml:lang="ms">Bolehlaksana</comment>
  <comment xml:lang="nb">kjørbar</comment>
  <comment xml:lang="nl">uitvoerbaar bestand</comment>
  <comment xml:lang="nn">køyrbar</comment>
  <comment xml:lang="oc">executable</comment>
  <comment xml:lang="pl">Program</comment>
  <comment xml:lang="pt">executável</comment>
  <comment xml:lang="pt_BR">Executável</comment>
  <comment xml:lang="ro">executabil</comment>
  <comment xml:lang="ru">исполняемый</comment>
  <comment xml:lang="sk">Spustiteľný súbor</comment>
  <comment xml:lang="sl">izvedljiva datoteka</comment>
  <comment xml:lang="sq">I ekzekutueshëm</comment>
  <comment xml:lang="sr">извршна</comment>
  <comment xml:lang="sv">körbar fil</comment>
  <comment xml:lang="tr">çalıştırılabilir</comment>
  <comment xml:lang="uk">виконуваний файл</comment>
  <comment xml:lang="vi">thực hiện được</comment>
  <comment xml:lang="zh_CN">可执行文件</comment>
  <comment xml:lang="zh_TW">可執行檔</comment>
  <generic-icon name="application-x-executable"/>
</mime-type>
