<?xml version="1.0" encoding="utf-8"?>
<mime-type xmlns="http://www.freedesktop.org/standards/shared-mime-info" type="application/x-font-type1">
  <!--Created automatically by update-mime-database. DO NOT EDIT!-->
  <comment>Postscript type-1 font</comment>
  <comment xml:lang="ar">خط Postscript type-1</comment>
  <comment xml:lang="be@latin">Šryft Postscript type-1</comment>
  <comment xml:lang="bg">Шрифт — Postscript Type 1</comment>
  <comment xml:lang="ca">tipus de lletra Postscript type-1</comment>
  <comment xml:lang="cs">písmo Postscript type-1</comment>
  <comment xml:lang="da">PostScript type-1-skrifttype</comment>
  <comment xml:lang="de">Postscript-Typ-1-Schrift</comment>
  <comment xml:lang="el">Γραμματοσειρά Postscript type-1</comment>
  <comment xml:lang="en_GB">Postscript type-1 font</comment>
  <comment xml:lang="es">tipo de letra PostScript Type-1</comment>
  <comment xml:lang="eu">PostScript type-1 letra-tipoa</comment>
  <comment xml:lang="fi">PostScript tyyppi-1 -fontti</comment>
  <comment xml:lang="fo">Postscript type-1 stavasnið</comment>
  <comment xml:lang="fr">police Postscript Type 1</comment>
  <comment xml:lang="ga">cló Postscript type-1</comment>
  <comment xml:lang="gl">tipo de letra PostScript tipo-1</comment>
  <comment xml:lang="he">גופן של Postscript type-1</comment>
  <comment xml:lang="hr">Postscript crsta-1 slovo</comment>
  <comment xml:lang="hu">Postscript type-1 betűkészlet</comment>
  <comment xml:lang="ia">Typo de litteras PostScript typo 1</comment>
  <comment xml:lang="id">Fonta tipe-1 Postscript</comment>
  <comment xml:lang="it">Carattere Postscript type-1</comment>
  <comment xml:lang="ja">PostScript type-1 フォント</comment>
  <comment xml:lang="kk">Postscript type-1 қарібі</comment>
  <comment xml:lang="ko">PostScript Type-1 글꼴</comment>
  <comment xml:lang="lt">Postscript type-1 šriftas</comment>
  <comment xml:lang="lv">Postscript 1-tipa fonts</comment>
  <comment xml:lang="nb">Postscript type-1 skrift</comment>
  <comment xml:lang="nl">PostScript type-1-lettertype</comment>
  <comment xml:lang="nn">PostScript type 1-skrifttype</comment>
  <comment xml:lang="oc">poliça Postescript Type 1</comment>
  <comment xml:lang="pl">Czcionka PostScript Type-1</comment>
  <comment xml:lang="pt">letra PostScript tipo 1</comment>
  <comment xml:lang="pt_BR">Fonte PostScript tipo-1</comment>
  <comment xml:lang="ro">Font Postscript type-1</comment>
  <comment xml:lang="ru">шрифт PostScript Type-1</comment>
  <comment xml:lang="sk">Písmo Postscript type-1</comment>
  <comment xml:lang="sl">Datoteka pisave Postscript vrste-1</comment>
  <comment xml:lang="sq">Lloj gërmash Postscript type-1</comment>
  <comment xml:lang="sr">слова Постскрипта врсте-1</comment>
  <comment xml:lang="sv">Postscript type-1-typsnitt</comment>
  <comment xml:lang="tr">Postscript type-1 yazı tipi</comment>
  <comment xml:lang="uk">шрифт Postscript type-1</comment>
  <comment xml:lang="vi">Phông kiểu 1 PostScript</comment>
  <comment xml:lang="zh_CN">Postscript type-1 字体</comment>
  <comment xml:lang="zh_TW">Postscript type-1 字型</comment>
  <sub-class-of type="application/postscript"/>
  <generic-icon name="font-x-generic"/>
  <glob pattern="*.pfa"/>
  <glob pattern="*.pfb"/>
  <glob pattern="*.gsf"/>
</mime-type>
