<?xml version="1.0" encoding="utf-8"?>
<mime-type xmlns="http://www.freedesktop.org/standards/shared-mime-info" type="application/x-gameboy-color-rom">
  <!--Created automatically by update-mime-database. DO NOT EDIT!-->
  <comment>Game Boy Color ROM</comment>
  <comment xml:lang="ca">ROM de Game Boy Color</comment>
  <comment xml:lang="da">Game Boy Color ROM</comment>
  <comment xml:lang="de">Game Boy Color ROM</comment>
  <comment xml:lang="es">ROM de Game Boy Color</comment>
  <comment xml:lang="fi">Game Boy Color -ROM</comment>
  <comment xml:lang="fr">ROM Game Boy Color</comment>
  <comment xml:lang="hu">Game Boy Color ROM</comment>
  <comment xml:lang="kk">Game Boy Color ROM</comment>
  <comment xml:lang="ko">게임보이 컬러 롬</comment>
  <comment xml:lang="pl">Plik ROM konsoli Game Boy Color</comment>
  <comment xml:lang="pt_BR">ROM de Game Boy Color</comment>
  <comment xml:lang="ru">Game Boy Color ROM</comment>
  <comment xml:lang="sk">ROM pre Game Boy Color</comment>
  <comment xml:lang="uk">ППП Game Boy Color</comment>
  <comment xml:lang="zh_CN">Game Boy Color ROM</comment>
  <comment xml:lang="zh_TW">Game Boy Color ROM</comment>
  <generic-icon name="application-x-executable"/>
  <glob pattern="*.gbc"/>
  <glob pattern="*.cgb"/>
</mime-type>
