<?xml version="1.0" encoding="utf-8"?>
<mime-type xmlns="http://www.freedesktop.org/standards/shared-mime-info" type="application/x-iff">
  <!--Created automatically by update-mime-database. DO NOT EDIT!-->
  <comment>IFF file</comment>
  <comment xml:lang="ca">fitxer IFF</comment>
  <comment xml:lang="cs">soubor IFF</comment>
  <comment xml:lang="da">IFF-fil</comment>
  <comment xml:lang="de">IFF-Datei</comment>
  <comment xml:lang="el">Αρχείο IFF</comment>
  <comment xml:lang="en_GB">IFF file</comment>
  <comment xml:lang="es">archivo IFF</comment>
  <comment xml:lang="eu">IFF fitxtegia</comment>
  <comment xml:lang="fi">IFF-tiedosto</comment>
  <comment xml:lang="fr">fichier IFF</comment>
  <comment xml:lang="gl">Ficheiro IFF</comment>
  <comment xml:lang="he">קובץ IFF</comment>
  <comment xml:lang="hr">IFF datoteka</comment>
  <comment xml:lang="hu">IFF fájl</comment>
  <comment xml:lang="ia">File IFF</comment>
  <comment xml:lang="id">Berkas IFF</comment>
  <comment xml:lang="it">File IFF</comment>
  <comment xml:lang="ja">IFF ファイル</comment>
  <comment xml:lang="kk">IFF файлы</comment>
  <comment xml:lang="ko">IFF 파일</comment>
  <comment xml:lang="lv">IFF datne</comment>
  <comment xml:lang="oc">fichièr IFF</comment>
  <comment xml:lang="pl">Plik IFF</comment>
  <comment xml:lang="pt">ficheiro IFF</comment>
  <comment xml:lang="pt_BR">Arquivo IFF</comment>
  <comment xml:lang="ru">файл IFF</comment>
  <comment xml:lang="sk">Súbor IFF</comment>
  <comment xml:lang="sl">Datoteka IFF</comment>
  <comment xml:lang="sr">ИФФ датотека</comment>
  <comment xml:lang="sv">IFF-fil</comment>
  <comment xml:lang="tr">IFF dosyası</comment>
  <comment xml:lang="uk">файл IFF</comment>
  <comment xml:lang="zh_CN">IFF 文件</comment>
  <comment xml:lang="zh_TW">IFF 檔案</comment>
  <acronym>IFF</acronym>
  <expanded-acronym>Interchange File Format</expanded-acronym>
</mime-type>
