<?xml version="1.0" encoding="utf-8"?>
<mime-type xmlns="http://www.freedesktop.org/standards/shared-mime-info" type="application/x-ipynb+json">
  <!--Created automatically by update-mime-database. DO NOT EDIT!-->
  <comment>Jupyter Notebook</comment>
  <comment xml:lang="ca">llibreta de notes de Jupyter</comment>
  <comment xml:lang="da">Jupyter Notebook</comment>
  <comment xml:lang="de">Jupyter-Dokument</comment>
  <comment xml:lang="es">libreta de Jupyter</comment>
  <comment xml:lang="fr">carnet de notes Jupyter</comment>
  <comment xml:lang="he">מחברת Jupyter</comment>
  <comment xml:lang="hu">Jupyter notesz</comment>
  <comment xml:lang="kk">Jupyter Notebook</comment>
  <comment xml:lang="ko">Jupyter 노트북</comment>
  <comment xml:lang="pl">Notatnik Jupyter</comment>
  <comment xml:lang="pt_BR">Bloco de Notas Jupyter</comment>
  <comment xml:lang="ru">Jupyter Notebook</comment>
  <comment xml:lang="sk">Zošit programu Jupyter</comment>
  <comment xml:lang="uk">записник Jupyter</comment>
  <comment xml:lang="zh_CN">Jupyter 笔记本</comment>
  <comment xml:lang="zh_TW">Jupyter 記事本</comment>
  <sub-class-of type="application/json"/>
  <generic-icon name="x-office-document"/>
  <glob pattern="*.ipynb"/>
</mime-type>
