<?xml version="1.0" encoding="utf-8"?>
<mime-type xmlns="http://www.freedesktop.org/standards/shared-mime-info" type="application/x-it87">
  <!--Created automatically by update-mime-database. DO NOT EDIT!-->
  <comment>IT 8.7 color calibration file</comment>
  <comment xml:lang="ar">ملف ضبط ألوان IT 8.7</comment>
  <comment xml:lang="bg">Файл за цветово калибриране — IT 8.7</comment>
  <comment xml:lang="ca">fitxer de calibratge de color IT 8.7</comment>
  <comment xml:lang="cs">soubor kalibrace barev IT 8.7</comment>
  <comment xml:lang="da">IT 8.7 farvekalibreringsfil</comment>
  <comment xml:lang="de">IT 8.7-Farbkalibrierungsdatei</comment>
  <comment xml:lang="el">Αρχείο βαθμονόμησης χρώματος ΙΤ 8.7</comment>
  <comment xml:lang="en_GB">IT 8.7 color calibration file</comment>
  <comment xml:lang="es">archivo de calibración de color IT 8.7</comment>
  <comment xml:lang="eu">IT 8.7 kolore-kalibrazioaren fitxategia</comment>
  <comment xml:lang="fi">IT 8.7 -värikalibrointitiedosto</comment>
  <comment xml:lang="fo">IT 8.7 litstillingarfíla</comment>
  <comment xml:lang="fr">fichier de calibration couleur IT 8.7</comment>
  <comment xml:lang="ga">comhad calabraithe dathanna IT 8.7</comment>
  <comment xml:lang="gl">ficheiro de calibración de cor IT 8.7</comment>
  <comment xml:lang="he">קובץ כיול צבע IT 8.7</comment>
  <comment xml:lang="hr">IT 8.7 datoteka kalibracije boja</comment>
  <comment xml:lang="hu">IT 8.7 színkalibrációs fájl</comment>
  <comment xml:lang="ia">File de calibration de colores IT 8.7</comment>
  <comment xml:lang="id">Berkas kalibrasi warna IT 8.7</comment>
  <comment xml:lang="it">File calibrazione colore IT 8.7</comment>
  <comment xml:lang="ja">IT 8.7 カラーキャリブレーションファイル</comment>
  <comment xml:lang="kk">IT 8.7 түс баптау файлы</comment>
  <comment xml:lang="ko">IT 8.7 색 조율 파일</comment>
  <comment xml:lang="lt">IT 8.7 spalvų kalibravimo failas</comment>
  <comment xml:lang="lv">IT 8.7 krāsu kalibrācijas datne</comment>
  <comment xml:lang="nl">IT 8.7 kleurcalibratie bestand</comment>
  <comment xml:lang="oc">fichièr de calibracion color IT 8.7</comment>
  <comment xml:lang="pl">Plik kalibracji kolorów IT 8.7</comment>
  <comment xml:lang="pt">ficheiro de calibração de cor IT 8.7</comment>
  <comment xml:lang="pt_BR">Arquivo de calibração de cor IT 8.7</comment>
  <comment xml:lang="ro">Fișier de calibrare a culorii IT 8.7</comment>
  <comment xml:lang="ru">файл калибровки цвета IT 8.7</comment>
  <comment xml:lang="sk">Súbor kalibrácie farieb IT 8.7</comment>
  <comment xml:lang="sl">Umeritvena datoteka barve IT 8.7</comment>
  <comment xml:lang="sr">ИТ 8.7 датотека калибрације боје</comment>
  <comment xml:lang="sv">IT 8.7-färgkalibreringsfil</comment>
  <comment xml:lang="tr">IT 8.7 renk kalibrasyon dosyası</comment>
  <comment xml:lang="uk">файл калібрування кольорів IT 8.7</comment>
  <comment xml:lang="zh_CN">IT 8.7 色彩校准文件</comment>
  <comment xml:lang="zh_TW">IT 8.7 色彩校正檔</comment>
  <sub-class-of type="text/plain"/>
  <generic-icon name="text-x-generic"/>
  <glob pattern="*.it87"/>
</mime-type>
