<?xml version="1.0" encoding="utf-8"?>
<mime-type xmlns="http://www.freedesktop.org/standards/shared-mime-info" type="application/x-jbuilder-project">
  <!--Created automatically by update-mime-database. DO NOT EDIT!-->
  <comment>JBuilder project</comment>
  <comment xml:lang="ar">مشروع JBuilder</comment>
  <comment xml:lang="be@latin">Prajekt JBuilder</comment>
  <comment xml:lang="bg">Проект — JBuilder</comment>
  <comment xml:lang="ca">projecte de JBuilder</comment>
  <comment xml:lang="cs">projekt JBuilder</comment>
  <comment xml:lang="da">JBuilder-projekt</comment>
  <comment xml:lang="de">JBuilder-Projekt</comment>
  <comment xml:lang="el">Εργο JBuilder</comment>
  <comment xml:lang="en_GB">JBuilder project</comment>
  <comment xml:lang="eo">JBuilder-projekto</comment>
  <comment xml:lang="es">proyecto de JBuilder</comment>
  <comment xml:lang="eu">JBuilder proiektua</comment>
  <comment xml:lang="fi">JBuilder-projekti</comment>
  <comment xml:lang="fo">JBuilder verkætlan</comment>
  <comment xml:lang="fr">projet JBuilder</comment>
  <comment xml:lang="ga">tionscadal JBuilder</comment>
  <comment xml:lang="gl">proxecto de JBuilder</comment>
  <comment xml:lang="he">מיזם JBuilder</comment>
  <comment xml:lang="hr">JBuilder projekt</comment>
  <comment xml:lang="hu">JBuilder-projekt</comment>
  <comment xml:lang="ia">Projecto JBuilder</comment>
  <comment xml:lang="id">Proyek JBuilder</comment>
  <comment xml:lang="it">Progetto JBuilder</comment>
  <comment xml:lang="ja">JBuilder プロジェクト</comment>
  <comment xml:lang="kk">JBuilder жобасы</comment>
  <comment xml:lang="ko">JBuilder 프로젝트</comment>
  <comment xml:lang="lt">JBuilder projektas</comment>
  <comment xml:lang="lv">JBuilder projekts</comment>
  <comment xml:lang="ms">Projek JBuilder</comment>
  <comment xml:lang="nb">JBuilder-prosjekt</comment>
  <comment xml:lang="nl">JBuilder-project</comment>
  <comment xml:lang="nn">JBuilder-prosjekt</comment>
  <comment xml:lang="oc">projècte JBuilder</comment>
  <comment xml:lang="pl">Projekt JBuilder</comment>
  <comment xml:lang="pt">projecto JBuilder</comment>
  <comment xml:lang="pt_BR">Projeto do JBuilder</comment>
  <comment xml:lang="ro">Proiect JBuilder</comment>
  <comment xml:lang="ru">проект JBuilder</comment>
  <comment xml:lang="sk">Projekt JBuilder</comment>
  <comment xml:lang="sl">Datoteka projekta JBuilder</comment>
  <comment xml:lang="sq">Projekt JBuilder</comment>
  <comment xml:lang="sr">пројекат ЈГрадитеља</comment>
  <comment xml:lang="sv">JBuilder-projekt</comment>
  <comment xml:lang="tr">JBuilder projesi</comment>
  <comment xml:lang="uk">проект JBuilder</comment>
  <comment xml:lang="vi">Dự án JBuilder</comment>
  <comment xml:lang="zh_CN">JBuilder 工程</comment>
  <comment xml:lang="zh_TW">JBuilder 專案</comment>
  <generic-icon name="x-office-document"/>
  <glob pattern="*.jpr"/>
  <glob pattern="*.jpx"/>
</mime-type>
