<?xml version="1.0" encoding="utf-8"?>
<mime-type xmlns="http://www.freedesktop.org/standards/shared-mime-info" type="application/x-kexiproject-sqlite3">
  <!--Created automatically by update-mime-database. DO NOT EDIT!-->
  <comment>Kexi database file-based project</comment>
  <comment xml:lang="ar">مشروع قاعدة بيانات Kexi يعتمد على ملفات</comment>
  <comment xml:lang="bg">Проект с база от данни — Kexi</comment>
  <comment xml:lang="ca">projecte basat en fitxer de base de dades de Kexi</comment>
  <comment xml:lang="cs">projekt založený na souboru databáze Kexi</comment>
  <comment xml:lang="da">Filbaseret projekt for Kexidatabase</comment>
  <comment xml:lang="de">Dateibasiertes Kexi-Datenbankprojekt</comment>
  <comment xml:lang="el">Έργο βάσης δεδομένων Kexi βασισμένο σε αρχεία </comment>
  <comment xml:lang="en_GB">Kexi database file-based project</comment>
  <comment xml:lang="es">proyecto de base de datos basada en archivos de Kexi</comment>
  <comment xml:lang="eu">Kexi datu-baseko fitxategian oinarritutako proiektua</comment>
  <comment xml:lang="fi">Kexin tiedostoperustainen tietokantaprojekti</comment>
  <comment xml:lang="fo">Kexi dátustovns fílugrundað verkætlan</comment>
  <comment xml:lang="fr">projet de base de données Kexi en mode fichier</comment>
  <comment xml:lang="ga">tionscadal bunachair sonraí Kexi bunaithe ar chomhaid</comment>
  <comment xml:lang="gl">proxecto baseado no ficheiro-base de datos Kexi</comment>
  <comment xml:lang="he">מיזם מסד נתונים מבוסס-קובץ של Kexi</comment>
  <comment xml:lang="hr">Kexi baza podataka datotekom temeljen projekt</comment>
  <comment xml:lang="hu">Kexi adatbázisfájl-alapú projekt</comment>
  <comment xml:lang="ia">Projecto de base de datos Kexi in modo file</comment>
  <comment xml:lang="id">Projek berbasis berkas basis data Kexi</comment>
  <comment xml:lang="it">Progetto su file di database Kexi</comment>
  <comment xml:lang="ja">Kexi データベース ファイルベースプロジェクト</comment>
  <comment xml:lang="kk">Файл негізінде жоба үшін Kexi дерекқоры</comment>
  <comment xml:lang="ko">Kexi 데이터베이스 파일 기반 프로젝트</comment>
  <comment xml:lang="lt">Kexi duomenų bazės failo tipo projektas</comment>
  <comment xml:lang="lv">Kexi datubāzes datnes balstīts projekts</comment>
  <comment xml:lang="nl">Kexi database bestandgebaseerd project</comment>
  <comment xml:lang="oc">projècte de banca de donadas Kexi en mòde fichièr</comment>
  <comment xml:lang="pl">Projekt bazy danych Kexi oparty na pliku</comment>
  <comment xml:lang="pt">projeto Kexi em base de dados baseada em ficheiros</comment>
  <comment xml:lang="pt_BR">Projeto de banco de dados baseado em arquivo do Kexi</comment>
  <comment xml:lang="ro">Proiect bazat pe fișiere al bazei de date Kexi</comment>
  <comment xml:lang="ru">файловый проект базы данных Kexi</comment>
  <comment xml:lang="sk">Projekt databázy Kexi s úložiskom typu súbor</comment>
  <comment xml:lang="sl">Datoteka projekta podatkovne zbirke Kexi</comment>
  <comment xml:lang="sr">пројекат Кексијеве базе података на основу датотеке</comment>
  <comment xml:lang="sv">Kexi-databas för filbaserat projekt</comment>
  <comment xml:lang="tr">Dosya temelli Kexi veritabanı projesi</comment>
  <comment xml:lang="uk">проект файлової бази даних Kexi</comment>
  <comment xml:lang="zh_CN">Kexi 基于文件的数据库项目</comment>
  <comment xml:lang="zh_TW">Kexi 資料庫檔案基礎專案</comment>
  <sub-class-of type="application/x-sqlite3"/>
  <glob pattern="*.kexi"/>
  <alias type="application/x-vnd.kde.kexi"/>
  <alias type="application/x-kexiproject-sqlite"/>
</mime-type>
