<?xml version="1.0" encoding="utf-8"?>
<mime-type xmlns="http://www.freedesktop.org/standards/shared-mime-info" type="application/x-kexiproject-shortcut">
  <!--Created automatically by update-mime-database. DO NOT EDIT!-->
  <comment>shortcut to Kexi project on database server</comment>
  <comment xml:lang="ar">اختصار لمشروع Kexi على خادم قاعدة بيانات</comment>
  <comment xml:lang="bg">Връзка към проект — Kexi</comment>
  <comment xml:lang="ca">drecera al projecte de Kexi en un servidor de base de dades</comment>
  <comment xml:lang="cs">zástupce projektu Kexi na databázovém serveru</comment>
  <comment xml:lang="da">genvej til Kexiprojekt på databaseserver</comment>
  <comment xml:lang="de">Schnellzugriff zum Kexi-Projekt auf dem Datenbankserver</comment>
  <comment xml:lang="el">Συντόμευση σε έργο Kexi στον εξυπηρετητή βάσης δεδομένων</comment>
  <comment xml:lang="en_GB">shortcut to Kexi project on database server</comment>
  <comment xml:lang="es">acceso directo a proyecto Kexi en el servidor de bases de datos</comment>
  <comment xml:lang="eu">lasterbidea datu-basearen zerbitzariko Kexi proiekturako</comment>
  <comment xml:lang="fi">pikakuvake tietokantapalvelimella olevaan Kexi-projektiin</comment>
  <comment xml:lang="fo">snarvegur til Kexi verkætlan á dátustovnsambætara</comment>
  <comment xml:lang="fr">raccourci vers projet Kexi sur serveur de base de données</comment>
  <comment xml:lang="ga">aicearra go tionscadal Kexi ar fhreastalaí bunachair sonraí</comment>
  <comment xml:lang="gl">acceso directo a proxecto Kexi no servidor de bases de datos</comment>
  <comment xml:lang="he">קיצור דרך לפרוירט Kexi בשרת נתונים</comment>
  <comment xml:lang="hr">prečac za Kexi projekt na poslužitelju baze podataka</comment>
  <comment xml:lang="hu">indítóikon adatbázis-kiszolgálón lévő Kexi projektre</comment>
  <comment xml:lang="ia">Ligamine a projecto Kexi in servitor de base de datos</comment>
  <comment xml:lang="id">pintasan ke projek Kexi pada server basis data</comment>
  <comment xml:lang="it">Scorciatoia a progetto Kexi su server di database</comment>
  <comment xml:lang="ja">データベースサーバの Kexi プロジェクトへのショートカット</comment>
  <comment xml:lang="kk">дерекқор серверіндегі Kexi жобасына сілтеме</comment>
  <comment xml:lang="ko">데이터베이스 서버의 Kexi 프로젝트 바로 가기</comment>
  <comment xml:lang="lt">nuoroda į Kexi projektą duomenų bazės serveryje</comment>
  <comment xml:lang="lv">īsceļš uz Kexi projektu datubāzes serverī</comment>
  <comment xml:lang="nl">shortcut naar Kexi project op database server</comment>
  <comment xml:lang="oc">acorchi cap a projècte Kexi sus servidor de banca de donadas</comment>
  <comment xml:lang="pl">Skrót do projektu Kexi na serwerze bazy danych</comment>
  <comment xml:lang="pt">atalho para projeto Kexi em servidor de base de dados</comment>
  <comment xml:lang="pt_BR">Atalho para projeto Kexi no servidor de banco de dados</comment>
  <comment xml:lang="ro">scurtătură către un proiect Kexi pe un server de baze de date</comment>
  <comment xml:lang="ru">ссылка на проект Kexi на сервере БД</comment>
  <comment xml:lang="sk">Zástupca projektu Kexi na databázovom serveri</comment>
  <comment xml:lang="sl">bližnjica do Kexi projekta na podatkovnem strežniku</comment>
  <comment xml:lang="sr">пречица до пројекта Кексија на серверу базе података</comment>
  <comment xml:lang="sv">genväg till Kexi-projekt på databasserver</comment>
  <comment xml:lang="tr">veritabanı üzerindeki Kexi projesine kısayol</comment>
  <comment xml:lang="uk">скорочення для проекту Kexi на сервері бази даних</comment>
  <comment xml:lang="zh_CN">数据库服务器上 Kexi 项目的快捷方式</comment>
  <comment xml:lang="zh_TW">資料庫伺服器上 Kexi 專案的捷徑</comment>
  <glob pattern="*.kexis"/>
</mime-type>
