<?xml version="1.0" encoding="utf-8"?>
<mime-type xmlns="http://www.freedesktop.org/standards/shared-mime-info" type="application/x-kpovmodeler">
  <!--Created automatically by update-mime-database. DO NOT EDIT!-->
  <comment>KPovModeler scene</comment>
  <comment xml:lang="ar">مشهد KPovModeler</comment>
  <comment xml:lang="be@latin">Scena KPovModeler</comment>
  <comment xml:lang="bg">Сцена — KPovModeler</comment>
  <comment xml:lang="ca">escena de KPovModeler</comment>
  <comment xml:lang="cs">scéna KPovModeler</comment>
  <comment xml:lang="da">KPovModeler-scene</comment>
  <comment xml:lang="de">KPovModeler-Szene</comment>
  <comment xml:lang="el">Σκηνή KPovModeler</comment>
  <comment xml:lang="en_GB">KPovModeler scene</comment>
  <comment xml:lang="eo">KPovModeler-sceno</comment>
  <comment xml:lang="es">escena de KPovModeler</comment>
  <comment xml:lang="eu">KPovModeler eszena</comment>
  <comment xml:lang="fi">KPovModeler-näkymä</comment>
  <comment xml:lang="fo">KPovModeler leikmynd</comment>
  <comment xml:lang="fr">scène KPovModeler</comment>
  <comment xml:lang="ga">radharc KPovModeler</comment>
  <comment xml:lang="gl">escena de KPovModeler</comment>
  <comment xml:lang="he">סצנת KPovModeler</comment>
  <comment xml:lang="hr">KPovModeler scena</comment>
  <comment xml:lang="hu">KPovModeler-jelenet</comment>
  <comment xml:lang="ia">Scena KPovModeler</comment>
  <comment xml:lang="id">Scene KPovModeler</comment>
  <comment xml:lang="it">Scena KPovModeler</comment>
  <comment xml:lang="ja">KPovModeler シーン</comment>
  <comment xml:lang="kk">KPovModeler сахнасы</comment>
  <comment xml:lang="ko">KPovModeler 장면</comment>
  <comment xml:lang="lt">KPovModeler scena</comment>
  <comment xml:lang="lv">KPovModeler aina</comment>
  <comment xml:lang="ms">Babak KPovModeler</comment>
  <comment xml:lang="nb">KPovModeler-scene</comment>
  <comment xml:lang="nl">KPovModeler-scène</comment>
  <comment xml:lang="nn">KPovModeler-scene</comment>
  <comment xml:lang="oc">scène KPovModeler</comment>
  <comment xml:lang="pl">Scena KPovModeler</comment>
  <comment xml:lang="pt">cenário KPovModeler</comment>
  <comment xml:lang="pt_BR">Cena do KPovModeler</comment>
  <comment xml:lang="ro">Scenă KPovModeler</comment>
  <comment xml:lang="ru">сцена KPovModeler</comment>
  <comment xml:lang="sk">Scéna KPovModeler</comment>
  <comment xml:lang="sl">Datoteka scene KPovModeler</comment>
  <comment xml:lang="sq">Skenë KPovModeler</comment>
  <comment xml:lang="sr">сцена КПов Моделера</comment>
  <comment xml:lang="sv">KPovModeler-scen</comment>
  <comment xml:lang="tr">KPovModeler sahnesi</comment>
  <comment xml:lang="uk">сцена KPovModeler</comment>
  <comment xml:lang="vi">Cảnh KPovModeler</comment>
  <comment xml:lang="zh_CN">KPovModeler 场景</comment>
  <comment xml:lang="zh_TW">KPovModeler 場景</comment>
  <generic-icon name="image-x-generic"/>
  <glob pattern="*.kpm"/>
</mime-type>
