<?xml version="1.0" encoding="utf-8"?>
<mime-type xmlns="http://www.freedesktop.org/standards/shared-mime-info" type="application/x-kpresenter">
  <!--Created automatically by update-mime-database. DO NOT EDIT!-->
  <comment>KPresenter presentation</comment>
  <comment xml:lang="ar">عرض تقديمي KPresenter</comment>
  <comment xml:lang="be@latin">Prezentacyja KPresenter</comment>
  <comment xml:lang="bg">Презентация — KPresenter</comment>
  <comment xml:lang="ca">presentació de KPresenter</comment>
  <comment xml:lang="cs">prezentace KPresenter</comment>
  <comment xml:lang="da">KPresenter-præsentation</comment>
  <comment xml:lang="de">KPresenter-Präsentation</comment>
  <comment xml:lang="el">Παρουσίαση KPresenter</comment>
  <comment xml:lang="en_GB">KPresenter presentation</comment>
  <comment xml:lang="eo">KPresenter-prezentaĵo</comment>
  <comment xml:lang="es">presentación de KPresenter</comment>
  <comment xml:lang="eu">Kpresenter aurkezpena</comment>
  <comment xml:lang="fi">KPresenter-esitys</comment>
  <comment xml:lang="fo">KPresenter framløga</comment>
  <comment xml:lang="fr">présentation KPresenter</comment>
  <comment xml:lang="ga">láithreoireacht KPresenter</comment>
  <comment xml:lang="gl">presentación de KPresenter</comment>
  <comment xml:lang="he">מצגת KPresenter</comment>
  <comment xml:lang="hr">KPresenter prezentacija</comment>
  <comment xml:lang="hu">KPresenter-bemutató</comment>
  <comment xml:lang="ia">Presentation KPresenter</comment>
  <comment xml:lang="id">Presentasi KPresenter</comment>
  <comment xml:lang="it">Presentazione KPresenter</comment>
  <comment xml:lang="ja">KPresenter プレゼンテーション</comment>
  <comment xml:lang="kk">KPresenter презентациясы</comment>
  <comment xml:lang="ko">KPresenter 프레젠테이션</comment>
  <comment xml:lang="lt">KPresenter pateiktis</comment>
  <comment xml:lang="lv">KPresenter prezentācija</comment>
  <comment xml:lang="ms">Persembahan Kpresenter</comment>
  <comment xml:lang="nb">KPresenter-presentasjon</comment>
  <comment xml:lang="nl">KPresenter-presentatie</comment>
  <comment xml:lang="nn">KPresenter-presentasjon</comment>
  <comment xml:lang="oc">presentacion KPresenter</comment>
  <comment xml:lang="pl">Prezentacja KPresenter</comment>
  <comment xml:lang="pt">apresentação KPresenter</comment>
  <comment xml:lang="pt_BR">Apresentação do KPresenter</comment>
  <comment xml:lang="ro">Prezentare KPresenter</comment>
  <comment xml:lang="ru">презентация KPresenter</comment>
  <comment xml:lang="sk">Prezentácia KPresenter</comment>
  <comment xml:lang="sl">Predstavitev KPresenter</comment>
  <comment xml:lang="sq">Prezantim i KPresenter</comment>
  <comment xml:lang="sr">презентација К-представљача</comment>
  <comment xml:lang="sv">KPresenter-presentation</comment>
  <comment xml:lang="tr">KPresenter sunum dosyası</comment>
  <comment xml:lang="uk">презентація KPresenter</comment>
  <comment xml:lang="vi">Trình diễn KPresenter</comment>
  <comment xml:lang="zh_CN">KPresenter 演示文稿</comment>
  <comment xml:lang="zh_TW">KPresenter 簡報檔</comment>
  <generic-icon name="x-office-presentation"/>
  <glob pattern="*.kpr"/>
  <glob pattern="*.kpt"/>
</mime-type>
