<?xml version="1.0" encoding="utf-8"?>
<mime-type xmlns="http://www.freedesktop.org/standards/shared-mime-info" type="application/x-kugar">
  <!--Created automatically by update-mime-database. DO NOT EDIT!-->
  <comment>Kugar document</comment>
  <comment xml:lang="ar">مستند Kugar</comment>
  <comment xml:lang="be@latin">Dakument Kugar</comment>
  <comment xml:lang="bg">Документ — Kugar</comment>
  <comment xml:lang="ca">document Kugar</comment>
  <comment xml:lang="cs">dokument Kugar</comment>
  <comment xml:lang="da">Kugardokument</comment>
  <comment xml:lang="de">Kugar-Dokument</comment>
  <comment xml:lang="el">Έγγραφο Kugar</comment>
  <comment xml:lang="en_GB">Kugar document</comment>
  <comment xml:lang="eo">Kugar-dokumento</comment>
  <comment xml:lang="es">documento de Kugar</comment>
  <comment xml:lang="eu">Kugar dokumentua</comment>
  <comment xml:lang="fi">Kugar-asiakirja</comment>
  <comment xml:lang="fo">Kugar skjal</comment>
  <comment xml:lang="fr">document Kugar</comment>
  <comment xml:lang="ga">cáipéis Kugar</comment>
  <comment xml:lang="gl">documento de Kugar</comment>
  <comment xml:lang="he">מסמך Kugar</comment>
  <comment xml:lang="hr">Kugar dokument</comment>
  <comment xml:lang="hu">Kugar-dokumentum</comment>
  <comment xml:lang="ia">Documento Kugar</comment>
  <comment xml:lang="id">Dokumen Kugar</comment>
  <comment xml:lang="it">Documento Kugar</comment>
  <comment xml:lang="ja">Kugar ドキュメント</comment>
  <comment xml:lang="kk">Kugar құжаты</comment>
  <comment xml:lang="ko">Kugar 문서</comment>
  <comment xml:lang="lt">Kugar dokumentas</comment>
  <comment xml:lang="lv">Kugar dokuments</comment>
  <comment xml:lang="ms">Dokumen Kugar</comment>
  <comment xml:lang="nb">Kugar-dokument</comment>
  <comment xml:lang="nl">Kugar-document</comment>
  <comment xml:lang="nn">Kugar-dokument</comment>
  <comment xml:lang="oc">document Kugar</comment>
  <comment xml:lang="pl">Dokument Kuguar</comment>
  <comment xml:lang="pt">documento Kugar</comment>
  <comment xml:lang="pt_BR">Documento do Kugar</comment>
  <comment xml:lang="ro">Document Kugar</comment>
  <comment xml:lang="ru">документ Kugar</comment>
  <comment xml:lang="sk">Dokument Kugar</comment>
  <comment xml:lang="sl">Dokument Kugar</comment>
  <comment xml:lang="sq">Dokument Kugar</comment>
  <comment xml:lang="sr">документ Кугара</comment>
  <comment xml:lang="sv">Kugar-dokument</comment>
  <comment xml:lang="tr">Kugar belgesi</comment>
  <comment xml:lang="uk">документ Kugar</comment>
  <comment xml:lang="vi">Tài liệu Kugar</comment>
  <comment xml:lang="zh_CN">Kugar 文档</comment>
  <comment xml:lang="zh_TW">Kugar 文件</comment>
  <generic-icon name="x-office-document"/>
  <glob pattern="*.kud"/>
</mime-type>
