<?xml version="1.0" encoding="utf-8"?>
<mime-type xmlns="http://www.freedesktop.org/standards/shared-mime-info" type="application/x-ms-dos-executable">
  <!--Created automatically by update-mime-database. DO NOT EDIT!-->
  <comment>DOS/Windows executable</comment>
  <comment xml:lang="ar">تنفيذي DOS/Windows</comment>
  <comment xml:lang="be@latin">Vykonvalny fajł DOS/Windows</comment>
  <comment xml:lang="bg">Изпълним файл — DOS/Windows</comment>
  <comment xml:lang="ca">executable de DOS o de Windows</comment>
  <comment xml:lang="cs">spustitelný soubor pro DOS/Windows</comment>
  <comment xml:lang="da">DOS-/Windowskørbar</comment>
  <comment xml:lang="de">DOS/Windows-Programmdatei</comment>
  <comment xml:lang="el">Εκτελέσιμο DOS/Windows</comment>
  <comment xml:lang="en_GB">DOS/Windows executable</comment>
  <comment xml:lang="eo">DOS/Windows-plenumebla</comment>
  <comment xml:lang="es">ejecutable de DOS/Windows</comment>
  <comment xml:lang="eu">DOS/Windows-eko exekutagarria</comment>
  <comment xml:lang="fi">DOS/Windows-ohjelma</comment>
  <comment xml:lang="fo">DOS/Windows inningarfør</comment>
  <comment xml:lang="fr">exécutable DOS/Windows</comment>
  <comment xml:lang="ga">comhad inrite DOS/Windows</comment>
  <comment xml:lang="gl">executábel de DOS/Windows</comment>
  <comment xml:lang="he">קובץ בר־הרצה של DOS/חלונות</comment>
  <comment xml:lang="hr">DOS/Windows izvršna datoteka</comment>
  <comment xml:lang="hu">DOS/Windows futtatható</comment>
  <comment xml:lang="ia">Executabile DOS/Windows</comment>
  <comment xml:lang="id">DOS/Windows dapat dieksekusi</comment>
  <comment xml:lang="it">Eseguibile DOS/Windows</comment>
  <comment xml:lang="ja">DOS/Windows 実行ファイル</comment>
  <comment xml:lang="ka">DOS/Windows გაშვებადი ფაილი</comment>
  <comment xml:lang="kk">DOS/Windows орындалатын файлы</comment>
  <comment xml:lang="ko">DOS/Windows 실행 파일</comment>
  <comment xml:lang="lt">DOS/Windows vykdomasis failas</comment>
  <comment xml:lang="lv">DOS/Windows izpildāmais</comment>
  <comment xml:lang="ms">Bolehlaksana DOS/Windows</comment>
  <comment xml:lang="nb">Kjørbar fil for DOS/Windows</comment>
  <comment xml:lang="nl">DOS/Windows-uitvoerbaar bestand</comment>
  <comment xml:lang="nn">DOS/Windows køyrbar fil</comment>
  <comment xml:lang="oc">executable DOS/Windows</comment>
  <comment xml:lang="pl">Program DOS/Windows</comment>
  <comment xml:lang="pt">executável DOS/Windows</comment>
  <comment xml:lang="pt_BR">Executável do DOS/Windows</comment>
  <comment xml:lang="ro">Executabil DOS/Windows</comment>
  <comment xml:lang="ru">исполняемый файл DOS/Windows</comment>
  <comment xml:lang="sk">Spustiteľný súbor pre DOS/Windows</comment>
  <comment xml:lang="sl">Izvedljiva datoteka DOS/Windows</comment>
  <comment xml:lang="sq">I ekzekutueshëm DOS/Windows</comment>
  <comment xml:lang="sr">ДОС/Виндоуз извршна</comment>
  <comment xml:lang="sv">Körbar DOS/Windows-fil</comment>
  <comment xml:lang="tr">DOS/Windows çalıştırılabilir</comment>
  <comment xml:lang="uk">виконуваний файл DOS/Windows</comment>
  <comment xml:lang="vi">Tập tin có thực hiện được DOS/Windows</comment>
  <comment xml:lang="zh_CN">DOS/Windows 可执行文件</comment>
  <comment xml:lang="zh_TW">DOS/Windows 可執行檔</comment>
  <generic-icon name="application-x-executable"/>
  <glob pattern="*.exe"/>
</mime-type>
