<?xml version="1.0" encoding="utf-8"?>
<mime-type xmlns="http://www.freedesktop.org/standards/shared-mime-info" type="application/x-ms-wim">
  <!--Created automatically by update-mime-database. DO NOT EDIT!-->
  <comment>WIM disk Image</comment>
  <comment xml:lang="ca">imatge de disc WIM</comment>
  <comment xml:lang="cs">obraz disku WIM</comment>
  <comment xml:lang="da">WIM-diskaftryk</comment>
  <comment xml:lang="de">WIM-Datenträgerabbild</comment>
  <comment xml:lang="el">Εικόνα δίσκου WIM</comment>
  <comment xml:lang="en_GB">WIM disk Image</comment>
  <comment xml:lang="es">imagen de disco WIM</comment>
  <comment xml:lang="eu">WIM disko irudia</comment>
  <comment xml:lang="fi">WIM-levytiedosto</comment>
  <comment xml:lang="fr">image disque WIM</comment>
  <comment xml:lang="he">דמות דיסק WIM</comment>
  <comment xml:lang="hr">WIM slika diska</comment>
  <comment xml:lang="hu">WIM lemezkép</comment>
  <comment xml:lang="ia">Imagine de disco WIM</comment>
  <comment xml:lang="id">Image disk WIM</comment>
  <comment xml:lang="it">Immagine disco WIM</comment>
  <comment xml:lang="kk">WIM диск бейнесі</comment>
  <comment xml:lang="ko">WIM 디스크 이미지</comment>
  <comment xml:lang="oc">imatge disc WIM</comment>
  <comment xml:lang="pl">Obraz dysku WIM</comment>
  <comment xml:lang="pt">imagem de disco WIM</comment>
  <comment xml:lang="pt_BR">Imagem de disco WIM</comment>
  <comment xml:lang="ru">образ диска WIM</comment>
  <comment xml:lang="sk">Obraz disku WIM</comment>
  <comment xml:lang="sr">слика диска ВИМ-а</comment>
  <comment xml:lang="sv">WIM-diskavbild</comment>
  <comment xml:lang="tr">WIM disk kalıbı</comment>
  <comment xml:lang="uk">образ диска WIM</comment>
  <comment xml:lang="zh_CN">WIM 磁盘镜像</comment>
  <comment xml:lang="zh_TW">WIM 磁碟映像檔</comment>
  <acronym>WIM</acronym>
  <expanded-acronym>Windows Imaging Format</expanded-acronym>
  <glob pattern="*.wim"/>
  <glob pattern="*.swm"/>
</mime-type>
