<?xml version="1.0" encoding="utf-8"?>
<mime-type xmlns="http://www.freedesktop.org/standards/shared-mime-info" type="application/x-mswrite">
  <!--Created automatically by update-mime-database. DO NOT EDIT!-->
  <comment>WRI document</comment>
  <comment xml:lang="ar">مستند WRI</comment>
  <comment xml:lang="be@latin">Dakument WRI</comment>
  <comment xml:lang="bg">Документ — WRI</comment>
  <comment xml:lang="ca">document WRI</comment>
  <comment xml:lang="cs">dokument WRI</comment>
  <comment xml:lang="da">WRI-dokument</comment>
  <comment xml:lang="de">WRI-Dokument</comment>
  <comment xml:lang="el">Έγγραφο WRI</comment>
  <comment xml:lang="en_GB">WRI document</comment>
  <comment xml:lang="eo">WRI-dokumento</comment>
  <comment xml:lang="es">documento WRI</comment>
  <comment xml:lang="eu">WRI dokumentua</comment>
  <comment xml:lang="fi">WRI-asiakirja</comment>
  <comment xml:lang="fo">WRI skjal</comment>
  <comment xml:lang="fr">document WRI</comment>
  <comment xml:lang="ga">cáipéis WRI</comment>
  <comment xml:lang="gl">documento WRI</comment>
  <comment xml:lang="he">מסמך WRI</comment>
  <comment xml:lang="hr">WRI dokument</comment>
  <comment xml:lang="hu">WRI dokumentum</comment>
  <comment xml:lang="ia">Documento WRI</comment>
  <comment xml:lang="id">Dokumen WRI</comment>
  <comment xml:lang="it">Documento WRI</comment>
  <comment xml:lang="ja">WRI ドキュメント</comment>
  <comment xml:lang="kk">WRI құжаты</comment>
  <comment xml:lang="ko">WRI 문서</comment>
  <comment xml:lang="lt">WRI dokumentas</comment>
  <comment xml:lang="lv">WRI dokuments</comment>
  <comment xml:lang="nb">WRI-dokument</comment>
  <comment xml:lang="nl">WRI-document</comment>
  <comment xml:lang="nn">WRI-dokument</comment>
  <comment xml:lang="oc">document WRI</comment>
  <comment xml:lang="pl">Dokument WRI</comment>
  <comment xml:lang="pt">documento WRI</comment>
  <comment xml:lang="pt_BR">Documento WRI</comment>
  <comment xml:lang="ro">Document WRI</comment>
  <comment xml:lang="ru">документ WRI</comment>
  <comment xml:lang="sk">Dokument WRI</comment>
  <comment xml:lang="sl">Dokument WRI</comment>
  <comment xml:lang="sq">Dokument WRI</comment>
  <comment xml:lang="sr">ВРИ документ</comment>
  <comment xml:lang="sv">WRI-dokument</comment>
  <comment xml:lang="tr">WRI belgesi</comment>
  <comment xml:lang="uk">документ WRI</comment>
  <comment xml:lang="vi">Tài liệu WRI</comment>
  <comment xml:lang="zh_CN">WRI 文档</comment>
  <comment xml:lang="zh_TW">WRI 文件</comment>
  <generic-icon name="x-office-document"/>
  <glob pattern="*.wri"/>
</mime-type>
