<?xml version="1.0" encoding="utf-8"?>
<mime-type xmlns="http://www.freedesktop.org/standards/shared-mime-info" type="application/x-pagemaker">
  <!--Created automatically by update-mime-database. DO NOT EDIT!-->
  <comment>Adobe PageMaker</comment>
  <comment xml:lang="ca">Adobe PageMaker</comment>
  <comment xml:lang="cs">Adobe PageMaker</comment>
  <comment xml:lang="da">Adobe PageMaker</comment>
  <comment xml:lang="de">Adobe PageMaker</comment>
  <comment xml:lang="el">Adobe PageMaker</comment>
  <comment xml:lang="en_GB">Adobe PageMaker</comment>
  <comment xml:lang="es">Adobe PageMaker</comment>
  <comment xml:lang="eu">Adobe PageMaker</comment>
  <comment xml:lang="fi">Adobe PageMaker</comment>
  <comment xml:lang="fr">Adobe PageMaker</comment>
  <comment xml:lang="gl">Adobe PageMaker</comment>
  <comment xml:lang="he">Adobe PageMaker</comment>
  <comment xml:lang="hr">Adobe PageMaker</comment>
  <comment xml:lang="hu">Adobe PageMaker</comment>
  <comment xml:lang="ia">Adobe PageMaker</comment>
  <comment xml:lang="id">Adobe PageMaker</comment>
  <comment xml:lang="it">Adobe PageMaker</comment>
  <comment xml:lang="kk">Adobe PageMaker</comment>
  <comment xml:lang="ko">Adobe 페이지메이커</comment>
  <comment xml:lang="oc">Adobe PageMaker</comment>
  <comment xml:lang="pl">Adobe PageMaker</comment>
  <comment xml:lang="pt">Adobe PageMaker</comment>
  <comment xml:lang="pt_BR">Adobe PageMaker</comment>
  <comment xml:lang="ru">Adobe PageMaker</comment>
  <comment xml:lang="sk">Adobe PageMaker</comment>
  <comment xml:lang="sl">Dokument Adobe PageMaker</comment>
  <comment xml:lang="sr">Адобе Пејџ Мејкер</comment>
  <comment xml:lang="sv">Adobe PageMaker</comment>
  <comment xml:lang="tr">Adobe PageMaker</comment>
  <comment xml:lang="uk">Adobe PageMaker</comment>
  <comment xml:lang="zh_CN">Adobe PageMaker</comment>
  <comment xml:lang="zh_TW">Adobe PageMaker</comment>
  <sub-class-of type="application/x-ole-storage"/>
  <generic-icon name="x-office-document"/>
  <glob pattern="*.p65"/>
  <glob pattern="*.pm"/>
  <glob pattern="*.pm6"/>
  <glob pattern="*.pmd"/>
</mime-type>
