<?xml version="1.0" encoding="utf-8"?>
<mime-type xmlns="http://www.freedesktop.org/standards/shared-mime-info" type="application/x-planperfect">
  <!--Created automatically by update-mime-database. DO NOT EDIT!-->
  <comment>PlanPerfect spreadsheet</comment>
  <comment xml:lang="ar">جدول PlanPerfect</comment>
  <comment xml:lang="be@latin">Raźlikovy arkuš PlanPerfect</comment>
  <comment xml:lang="bg">Таблица — PlanPerfect</comment>
  <comment xml:lang="ca">full de càlcul de PlanPerfect</comment>
  <comment xml:lang="cs">sešit PlanPerfect</comment>
  <comment xml:lang="da">PlanPerfect-regneark</comment>
  <comment xml:lang="de">PlanPerfect-Tabelle</comment>
  <comment xml:lang="el">Φύλλο εργασίας PlanPerfect</comment>
  <comment xml:lang="en_GB">PlanPerfect spreadsheet</comment>
  <comment xml:lang="es">hoja de cálculo de PlanPerfect</comment>
  <comment xml:lang="eu">PlanPerfect kalkulu-orria</comment>
  <comment xml:lang="fi">PlanPerfect-taulukko</comment>
  <comment xml:lang="fo">PlanPerfect rokniark</comment>
  <comment xml:lang="fr">feuille de calcul PlanPerfect</comment>
  <comment xml:lang="ga">scarbhileog PlanPerfect</comment>
  <comment xml:lang="gl">folla de cálculo de PlanPerfect</comment>
  <comment xml:lang="he">גליון נתונים של PlanPerfect</comment>
  <comment xml:lang="hr">PlanPerfect proračunska tablica</comment>
  <comment xml:lang="hu">PlanPerfect táblázat</comment>
  <comment xml:lang="ia">Folio de calculo PlanPerfect</comment>
  <comment xml:lang="id">Lembar sebar PlanPerfect</comment>
  <comment xml:lang="it">Foglio di calcolo PlanPerfect</comment>
  <comment xml:lang="ja">PlanPerfect スプレッドシート</comment>
  <comment xml:lang="kk">PlanPerfect электрондық кестесі</comment>
  <comment xml:lang="ko">PlanPerfect 스프레드시트</comment>
  <comment xml:lang="lt">PlanPerfect skaičialentė</comment>
  <comment xml:lang="lv">PlanPerfect izklājlapa</comment>
  <comment xml:lang="nb">PlanPerfect-regneark</comment>
  <comment xml:lang="nl">PlanPerfect-rekenblad</comment>
  <comment xml:lang="nn">PlanPerfect-rekneark</comment>
  <comment xml:lang="oc">fuèlh de calcul PlanPerfect</comment>
  <comment xml:lang="pl">Arkusz PlanPerfect</comment>
  <comment xml:lang="pt">folha de cálculo PlanPerfect</comment>
  <comment xml:lang="pt_BR">Planilha do PlanPerfect</comment>
  <comment xml:lang="ro">Foaie de calcul PlanPerfect</comment>
  <comment xml:lang="ru">электронная таблица PlanPerfect</comment>
  <comment xml:lang="sk">Zošit PlanPerfect</comment>
  <comment xml:lang="sl">Preglednica PlanPerfect</comment>
  <comment xml:lang="sq">Fletë llogaritjesh PlanPerfect</comment>
  <comment xml:lang="sr">табела План Перфекта</comment>
  <comment xml:lang="sv">PlanPerfect-kalkylblad</comment>
  <comment xml:lang="tr">PlanPerfect çalışma sayfası</comment>
  <comment xml:lang="uk">ел. таблиця PlanPerfect</comment>
  <comment xml:lang="vi">Bảng tính PlanPerfect</comment>
  <comment xml:lang="zh_CN">PlanPerfect 工作簿</comment>
  <comment xml:lang="zh_TW">PlanPerfect 試算表</comment>
  <generic-icon name="x-office-spreadsheet"/>
  <glob pattern="*.pln"/>
</mime-type>
