<?xml version="1.0" encoding="utf-8"?>
<mime-type xmlns="http://www.freedesktop.org/standards/shared-mime-info" type="application/x-qtiplot">
  <!--Created automatically by update-mime-database. DO NOT EDIT!-->
  <comment>QtiPlot document</comment>
  <comment xml:lang="ca">document QtiPlot</comment>
  <comment xml:lang="cs">dokument GtiPlot</comment>
  <comment xml:lang="da">QtiPlot-dokument</comment>
  <comment xml:lang="de">QtiPlot-Dokument</comment>
  <comment xml:lang="el">Έγγραφο QtiPlot</comment>
  <comment xml:lang="en_GB">QtiPlot document</comment>
  <comment xml:lang="es">documento de QtiPlot</comment>
  <comment xml:lang="eu">QtiPlot dokumentua</comment>
  <comment xml:lang="fi">QtiPlot-asiakirja</comment>
  <comment xml:lang="fr">document QtiPlot</comment>
  <comment xml:lang="gl">Documento de QtiPilot</comment>
  <comment xml:lang="he">מסמך QtiPlot</comment>
  <comment xml:lang="hr">QtiPlot dokument</comment>
  <comment xml:lang="hu">QtiPlot dokumentum</comment>
  <comment xml:lang="ia">Documento QtiPlot</comment>
  <comment xml:lang="id">Dokumen QtiPlot</comment>
  <comment xml:lang="it">Documento QtiPlot</comment>
  <comment xml:lang="ja">QtiPlot ドキュメント</comment>
  <comment xml:lang="kk">QtiPlot құжаты</comment>
  <comment xml:lang="ko">QtiPlot 문서</comment>
  <comment xml:lang="lv">QtiPlot dokuments</comment>
  <comment xml:lang="oc">document QtiPlot</comment>
  <comment xml:lang="pl">Dokument QtiPlot</comment>
  <comment xml:lang="pt">documento QtiPlot</comment>
  <comment xml:lang="pt_BR">Documento do QtiPlot</comment>
  <comment xml:lang="ru">документ QtiPlot</comment>
  <comment xml:lang="sk">Dokument QtiPlot</comment>
  <comment xml:lang="sl">Dokument QtiPlot</comment>
  <comment xml:lang="sr">КутиПлот документ</comment>
  <comment xml:lang="sv">QtiPlot-dokument</comment>
  <comment xml:lang="tr">QtiPlot belgesi</comment>
  <comment xml:lang="uk">документ QtiPlot</comment>
  <comment xml:lang="zh_CN">QtiPlot 文档</comment>
  <comment xml:lang="zh_TW">QtiPlot 文件</comment>
  <sub-class-of type="text/plain"/>
  <generic-icon name="x-office-document"/>
  <glob pattern="*.qti"/>
  <glob pattern="*.qti.gz"/>
</mime-type>
