<?xml version="1.0" encoding="utf-8"?>
<mime-type xmlns="http://www.freedesktop.org/standards/shared-mime-info" type="application/x-raw-disk-image">
  <!--Created automatically by update-mime-database. DO NOT EDIT!-->
  <comment>Raw disk image</comment>
  <comment xml:lang="ca">imatge de disc RAW</comment>
  <comment xml:lang="cs">surový obraz disku</comment>
  <comment xml:lang="da">Rå diskaftryk</comment>
  <comment xml:lang="de">Rohes Datenträgerabbild</comment>
  <comment xml:lang="el">Ανεπεξέργαστη εικόνα δίσκου</comment>
  <comment xml:lang="en_GB">Raw disk image</comment>
  <comment xml:lang="es">imagen de disco en bruto</comment>
  <comment xml:lang="eu">Disko gordinaren irudia</comment>
  <comment xml:lang="fi">Raaka levytiedosto</comment>
  <comment xml:lang="fr">image disque Raw</comment>
  <comment xml:lang="gl">Imaxe de disco en bruto</comment>
  <comment xml:lang="he">דמות גולמית של כונן</comment>
  <comment xml:lang="hr">Osnovna slika diska</comment>
  <comment xml:lang="hu">Nyers lemezkép</comment>
  <comment xml:lang="ia">Imagine de disco crude</comment>
  <comment xml:lang="id">Image disk mentah</comment>
  <comment xml:lang="it">Immagine disco raw</comment>
  <comment xml:lang="kk">Шикі диск бейнесі</comment>
  <comment xml:lang="ko">RAW 디스크 이미지</comment>
  <comment xml:lang="oc">imatge disc Raw</comment>
  <comment xml:lang="pl">Surowy obraz dysku</comment>
  <comment xml:lang="pt">imagem de disco Raw</comment>
  <comment xml:lang="pt_BR">Imagem bruta de disco</comment>
  <comment xml:lang="ru">необработанный образ диска</comment>
  <comment xml:lang="sk">Obraz disku</comment>
  <comment xml:lang="sl">Surovi odtis diska</comment>
  <comment xml:lang="sr">сирова слика диска</comment>
  <comment xml:lang="sv">Rå diskavbild</comment>
  <comment xml:lang="tr">İşlem görmemiş disk imajı</comment>
  <comment xml:lang="uk">простий образ диска</comment>
  <comment xml:lang="zh_CN">原始磁盘镜像</comment>
  <comment xml:lang="zh_TW">原生磁碟映像</comment>
  <glob pattern="*.raw-disk-image"/>
  <glob pattern="*.img"/>
</mime-type>
