<?xml version="1.0" encoding="utf-8"?>
<mime-type xmlns="http://www.freedesktop.org/standards/shared-mime-info" type="application/x-rpm">
  <!--Created automatically by update-mime-database. DO NOT EDIT!-->
  <comment>RPM package</comment>
  <comment xml:lang="ar">حزمة RPM</comment>
  <comment xml:lang="be@latin">Pakunak RPM</comment>
  <comment xml:lang="bg">Пакет — RPM</comment>
  <comment xml:lang="ca">paquet RPM</comment>
  <comment xml:lang="cs">balíček RPM</comment>
  <comment xml:lang="da">RPM-pakke</comment>
  <comment xml:lang="de">RPM-Paket</comment>
  <comment xml:lang="el">Πακέτο RPM</comment>
  <comment xml:lang="en_GB">RPM package</comment>
  <comment xml:lang="eo">RPM-pakaĵo</comment>
  <comment xml:lang="es">paquete RPM</comment>
  <comment xml:lang="eu">RPM paketea</comment>
  <comment xml:lang="fi">RPM-paketti</comment>
  <comment xml:lang="fo">RPM pakki</comment>
  <comment xml:lang="fr">paquet RPM</comment>
  <comment xml:lang="ga">pacáiste RPM</comment>
  <comment xml:lang="gl">paquete RFM</comment>
  <comment xml:lang="he">חבילת RPM</comment>
  <comment xml:lang="hr">RPM paket</comment>
  <comment xml:lang="hu">RPM-csomag</comment>
  <comment xml:lang="ia">Pacchetto RPM</comment>
  <comment xml:lang="id">Paket RPM</comment>
  <comment xml:lang="it">Pacchetto RPM</comment>
  <comment xml:lang="ja">RPM パッケージ</comment>
  <comment xml:lang="kk">RPM дестесі</comment>
  <comment xml:lang="ko">RPM 패키지</comment>
  <comment xml:lang="lt">RPM paketas</comment>
  <comment xml:lang="lv">RPM pakotne</comment>
  <comment xml:lang="ms">Pakej RPM</comment>
  <comment xml:lang="nb">RPM-pakke</comment>
  <comment xml:lang="nl">RPM-pakket</comment>
  <comment xml:lang="nn">RPM-pakke</comment>
  <comment xml:lang="oc">paquet RPM</comment>
  <comment xml:lang="pl">Pakiet RPM</comment>
  <comment xml:lang="pt">pacote RPM</comment>
  <comment xml:lang="pt_BR">Pacote RPM</comment>
  <comment xml:lang="ro">Pachet RPM</comment>
  <comment xml:lang="ru">пакет RPM</comment>
  <comment xml:lang="sk">Balík RPM</comment>
  <comment xml:lang="sl">Datoteka paketa RPM</comment>
  <comment xml:lang="sq">Paketë RPM</comment>
  <comment xml:lang="sr">РПМ пакет</comment>
  <comment xml:lang="sv">RPM-paket</comment>
  <comment xml:lang="tr">RPM paketi</comment>
  <comment xml:lang="uk">пакунок RPM</comment>
  <comment xml:lang="vi">Gói RPM</comment>
  <comment xml:lang="zh_CN">RPM 软件包</comment>
  <comment xml:lang="zh_TW">RPM 軟體包</comment>
  <generic-icon name="package-x-generic"/>
  <alias type="application/x-redhat-package-manager"/>
  <glob pattern="*.rpm"/>
</mime-type>
