<?xml version="1.0" encoding="utf-8"?>
<mime-type xmlns="http://www.freedesktop.org/standards/shared-mime-info" type="application/x-sg1000-rom">
  <!--Created automatically by update-mime-database. DO NOT EDIT!-->
  <comment>SG-1000 ROM</comment>
  <comment xml:lang="ca">ROM de SG-1000</comment>
  <comment xml:lang="da">SG-1000 ROM</comment>
  <comment xml:lang="de">SG-1000 ROM</comment>
  <comment xml:lang="es">ROM de SG-1000</comment>
  <comment xml:lang="fi">SG-1000 -ROM</comment>
  <comment xml:lang="fr">ROM SG-1000</comment>
  <comment xml:lang="hu">SG-1000 ROM</comment>
  <comment xml:lang="kk">SG-1000 ROM</comment>
  <comment xml:lang="ko">SG-1000 롬</comment>
  <comment xml:lang="pl">Plik ROM konsoli SG-1000</comment>
  <comment xml:lang="pt_BR">ROM de SG-1000</comment>
  <comment xml:lang="ru">SG-1000 ROM</comment>
  <comment xml:lang="sk">ROM pre SG-1000</comment>
  <comment xml:lang="uk">ППП SG-1000</comment>
  <comment xml:lang="zh_CN">SG-1000 ROM</comment>
  <comment xml:lang="zh_TW">SG-1000 ROM</comment>
  <generic-icon name="application-x-executable"/>
  <glob pattern="*.sg"/>
</mime-type>
