<?xml version="1.0" encoding="utf-8"?>
<mime-type xmlns="http://www.freedesktop.org/standards/shared-mime-info" type="application/x-spss-por">
  <!--Created automatically by update-mime-database. DO NOT EDIT!-->
  <comment>SPSS Portable Data File</comment>
  <comment xml:lang="ar">ملف بيانات SPSS متنقلة</comment>
  <comment xml:lang="bg">Данни — SPSS, преносими</comment>
  <comment xml:lang="ca">fitxer de dades portables SPSS</comment>
  <comment xml:lang="cs">soubor přenositelných dat SPSS</comment>
  <comment xml:lang="da">Portabel SPSS-datafil</comment>
  <comment xml:lang="de">SPSS portable Datendatei</comment>
  <comment xml:lang="el">Φορητό αρχείο δεδομένων SPSS</comment>
  <comment xml:lang="en_GB">SPSS Portable Data File</comment>
  <comment xml:lang="es">archivo de datos portátil de SPSS</comment>
  <comment xml:lang="eu">SPSS datuen fitxategi eramangarria</comment>
  <comment xml:lang="fo">SPSS flytifør dátufíla</comment>
  <comment xml:lang="fr">fichier portable de données SPSS</comment>
  <comment xml:lang="ga">comhad iniompartha sonraí SPSS</comment>
  <comment xml:lang="gl">ficheiro de datos portábel SPSS</comment>
  <comment xml:lang="he">קובץ מידע נייד SPSS</comment>
  <comment xml:lang="hr">SPSS prenosiva podatkovna datoteka</comment>
  <comment xml:lang="hu">SPSS hordozható adatfájl</comment>
  <comment xml:lang="ia">File portabile de datos SPSS</comment>
  <comment xml:lang="id">Berkas Data Portabel SPSS</comment>
  <comment xml:lang="it">File dati SPSS Portable</comment>
  <comment xml:lang="ja">SPSS ポータブルデータファイル</comment>
  <comment xml:lang="kk">SPSS тасымалы ақпарат файлы</comment>
  <comment xml:lang="ko">SPSS 이동식 데이터 파일</comment>
  <comment xml:lang="lt">SPSS perkeliamų duomenų failas</comment>
  <comment xml:lang="lv">SPSS pārvietojamu datu datne</comment>
  <comment xml:lang="nl">SPSS Portable Databestand</comment>
  <comment xml:lang="oc">fichièr portable de donadas SPSS</comment>
  <comment xml:lang="pl">Plik przenośnych danych SPSS</comment>
  <comment xml:lang="pt">ficheiro de dados portátil SPSS</comment>
  <comment xml:lang="pt_BR">Arquivo de Dados Portáteis SPSS</comment>
  <comment xml:lang="ro">Fișier portabil de date SPSS</comment>
  <comment xml:lang="ru">файл переносимых данных SPSS</comment>
  <comment xml:lang="sk">Súbor prenosných dát SPSS</comment>
  <comment xml:lang="sl">Prenosna podatkovna datoteka SPSS</comment>
  <comment xml:lang="sr">СПСС датотека преносних података</comment>
  <comment xml:lang="sv">Portabel SPSS-datafil</comment>
  <comment xml:lang="tr">SPSS Taşınabilir Veri Dosyası</comment>
  <comment xml:lang="uk">файл даних SPSS Portable</comment>
  <comment xml:lang="zh_CN">SPSS 便携式数据文件</comment>
  <comment xml:lang="zh_TW">SPSS 可攜式資料檔</comment>
  <glob pattern="*.por"/>
</mime-type>
