<?xml version="1.0" encoding="utf-8"?>
<mime-type xmlns="http://www.freedesktop.org/standards/shared-mime-info" type="application/x-spss-sav">
  <!--Created automatically by update-mime-database. DO NOT EDIT!-->
  <comment>SPSS Data File</comment>
  <comment xml:lang="ar">ملف بيانات SPSS</comment>
  <comment xml:lang="bg">Данни — SPSS</comment>
  <comment xml:lang="ca">fitxer de dades SPSS</comment>
  <comment xml:lang="cs">datový soubor SPSS</comment>
  <comment xml:lang="da">SPSS-datafil</comment>
  <comment xml:lang="de">SPSS-Datendatei</comment>
  <comment xml:lang="el">Αρχείο δεδομένων SPSS</comment>
  <comment xml:lang="en_GB">SPSS Data File</comment>
  <comment xml:lang="es">archivo de datos SPSS</comment>
  <comment xml:lang="eu">SPSS datuen fitxategia</comment>
  <comment xml:lang="fo">SPSS dátufíla</comment>
  <comment xml:lang="fr">fichier de données SPSS</comment>
  <comment xml:lang="ga">comhad sonraí SPSS</comment>
  <comment xml:lang="gl">ficheiro de datos SPSS</comment>
  <comment xml:lang="he">קובץ מידע SPSS</comment>
  <comment xml:lang="hr">SPSS podatkovna datoteka</comment>
  <comment xml:lang="hu">SPSS adatfájl</comment>
  <comment xml:lang="ia">File de datos SPSS</comment>
  <comment xml:lang="id">Berkas Data SPSS</comment>
  <comment xml:lang="it">File dati SPSS</comment>
  <comment xml:lang="ja">SPSS データファイル</comment>
  <comment xml:lang="kk">SPSS ақпарат файлы</comment>
  <comment xml:lang="ko">SPSS 데이터 파일</comment>
  <comment xml:lang="lt">SPSS duomenų failas</comment>
  <comment xml:lang="lv">SPSS datu datne</comment>
  <comment xml:lang="nl">SPSS Databstand</comment>
  <comment xml:lang="oc">fichièr de donadas SPSS</comment>
  <comment xml:lang="pl">Plik danych SPSS</comment>
  <comment xml:lang="pt">ficheiro de dados SPSS</comment>
  <comment xml:lang="pt_BR">Arquivo de dados SPSS</comment>
  <comment xml:lang="ro">Fișier date SPSS</comment>
  <comment xml:lang="ru">файл данных SPSS</comment>
  <comment xml:lang="sk">Dátový súbor SPSS</comment>
  <comment xml:lang="sl">Podatkovna datoteka SPSS</comment>
  <comment xml:lang="sr">СПСС датотека података</comment>
  <comment xml:lang="sv">SPSS-datafil</comment>
  <comment xml:lang="tr">SPSS Veri Dosyası</comment>
  <comment xml:lang="uk">файл даних SPSS</comment>
  <comment xml:lang="zh_CN">SPSS 数据文件</comment>
  <comment xml:lang="zh_TW">SPSS 資料檔</comment>
  <alias type="application/x-spss-savefile"/>
  <glob pattern="*.sav"/>
  <glob pattern="*.zsav"/>
</mime-type>
