<?xml version="1.0" encoding="utf-8"?>
<mime-type xmlns="http://www.freedesktop.org/standards/shared-mime-info" type="application/x-trash">
  <!--Created automatically by update-mime-database. DO NOT EDIT!-->
  <comment>backup file</comment>
  <comment xml:lang="ar">ملف النسخ الاحتياطي</comment>
  <comment xml:lang="be@latin">zapasny fajł</comment>
  <comment xml:lang="bg">Резервно копие</comment>
  <comment xml:lang="ca">fitxer de còpia de seguretat</comment>
  <comment xml:lang="cs">záložní soubor</comment>
  <comment xml:lang="da">sikkerhedskopi</comment>
  <comment xml:lang="de">Sicherungsdatei</comment>
  <comment xml:lang="el">Αντίγραφο ασφαλείας</comment>
  <comment xml:lang="en_GB">backup file</comment>
  <comment xml:lang="eo">restaŭrkopio</comment>
  <comment xml:lang="es">archivo de respaldo</comment>
  <comment xml:lang="eu">babes-kopiako fitxategia</comment>
  <comment xml:lang="fi">varmuuskopio</comment>
  <comment xml:lang="fo">trygdarritsfíla</comment>
  <comment xml:lang="fr">fichier de sauvegarde</comment>
  <comment xml:lang="ga">comhad cúltaca</comment>
  <comment xml:lang="gl">ficheiro de copia de seguridade</comment>
  <comment xml:lang="he">קובץ גיבוי</comment>
  <comment xml:lang="hr">Datoteka sigurnosne kopije</comment>
  <comment xml:lang="hu">biztonsági mentés</comment>
  <comment xml:lang="ia">Copia de reserva</comment>
  <comment xml:lang="id">berkas cadangan</comment>
  <comment xml:lang="it">File di backup</comment>
  <comment xml:lang="ja">バックアップファイル</comment>
  <comment xml:lang="kk">резервті көшірмесі</comment>
  <comment xml:lang="ko">백업 파일</comment>
  <comment xml:lang="lt">atsarginis failas</comment>
  <comment xml:lang="lv">dublējuma datne</comment>
  <comment xml:lang="ms">Fail backup</comment>
  <comment xml:lang="nb">sikkerhetskopi</comment>
  <comment xml:lang="nl">reservekopiebestand</comment>
  <comment xml:lang="nn">tryggleikskopi</comment>
  <comment xml:lang="oc">fichièr de salvament</comment>
  <comment xml:lang="pl">Plik zapasowy</comment>
  <comment xml:lang="pt">cópia de segurança</comment>
  <comment xml:lang="pt_BR">Arquivo de backup</comment>
  <comment xml:lang="ro">fișier de backup</comment>
  <comment xml:lang="ru">резервная копия</comment>
  <comment xml:lang="sk">Záložný súbor</comment>
  <comment xml:lang="sl">varnostna kopija datoteke</comment>
  <comment xml:lang="sq">File backup</comment>
  <comment xml:lang="sr">датотека резерве</comment>
  <comment xml:lang="sv">säkerhetskopia</comment>
  <comment xml:lang="tr">yedek dosyası</comment>
  <comment xml:lang="uk">резервна копія</comment>
  <comment xml:lang="vi">tập tin sao lưu</comment>
  <comment xml:lang="zh_CN">备份文件</comment>
  <comment xml:lang="zh_TW">備份檔</comment>
  <glob pattern="*~"/>
  <glob pattern="*%"/>
  <glob pattern="*.bak"/>
  <glob pattern="*.old"/>
  <glob pattern="*.sik"/>
</mime-type>
