<?xml version="1.0" encoding="utf-8"?>
<mime-type xmlns="http://www.freedesktop.org/standards/shared-mime-info" type="application/x-trig">
  <!--Created automatically by update-mime-database. DO NOT EDIT!-->
  <comment>TriG RDF document</comment>
  <comment xml:lang="ca">document TriG RDF</comment>
  <comment xml:lang="cs">dokument Trig RDF</comment>
  <comment xml:lang="da">TriG RDF-dokument</comment>
  <comment xml:lang="de">TriG-RDF-Dokument</comment>
  <comment xml:lang="el">Έγγραφο TriG RDF</comment>
  <comment xml:lang="en_GB">TriG RDF document</comment>
  <comment xml:lang="es">documento RDF de TriG</comment>
  <comment xml:lang="eu">TriG RDF dokumentua</comment>
  <comment xml:lang="fi">TriG RDF -asiakirja</comment>
  <comment xml:lang="fr">document RDF TriG</comment>
  <comment xml:lang="gl">Documento RDF TriG</comment>
  <comment xml:lang="he">מסמך RDF של TriG</comment>
  <comment xml:lang="hr">TriG RDF dokument</comment>
  <comment xml:lang="hu">TriG RDF dokumentum</comment>
  <comment xml:lang="ia">Documento TriG RDF</comment>
  <comment xml:lang="id">Dokumen TriG RDF</comment>
  <comment xml:lang="it">Documento TriG RDF</comment>
  <comment xml:lang="kk">TriG RDF құжаты</comment>
  <comment xml:lang="ko">TriG RDF 문서</comment>
  <comment xml:lang="oc">document RDF TriG</comment>
  <comment xml:lang="pl">Dokument RDF TriG</comment>
  <comment xml:lang="pt">documento TriG RDF</comment>
  <comment xml:lang="pt_BR">Documento RDF do TriG</comment>
  <comment xml:lang="ru">Документ TriG RDF</comment>
  <comment xml:lang="sk">RDF dokument TriG</comment>
  <comment xml:lang="sl">Dokument TriG RDF</comment>
  <comment xml:lang="sr">ТриГ РДФ документ</comment>
  <comment xml:lang="sv">TriG RDF-dokument</comment>
  <comment xml:lang="tr">TriG RDF belgesi</comment>
  <comment xml:lang="uk">документ RDF TriG</comment>
  <comment xml:lang="zh_CN">TriG RDF 文档</comment>
  <comment xml:lang="zh_TW">TriG RDF 文件</comment>
  <acronym>TriG</acronym>
  <expanded-acronym>TriG RDF Graph Triple Language</expanded-acronym>
  <sub-class-of type="text/plain"/>
  <glob pattern="*.trig"/>
</mime-type>
