<?xml version="1.0" encoding="utf-8"?>
<mime-type xmlns="http://www.freedesktop.org/standards/shared-mime-info" type="application/x-wii-wad">
  <!--Created automatically by update-mime-database. DO NOT EDIT!-->
  <comment>WiiWare bundle</comment>
  <comment xml:lang="ca">paquet de WiiWare</comment>
  <comment xml:lang="cs">balíček pro WiiWare</comment>
  <comment xml:lang="da">WiiWare-samling</comment>
  <comment xml:lang="de">WiiWare-Paket</comment>
  <comment xml:lang="en_GB">WiiWare bundle</comment>
  <comment xml:lang="es">conjunto de WiiWare</comment>
  <comment xml:lang="fr">lot WiiWare</comment>
  <comment xml:lang="he">מאגד WiiWare</comment>
  <comment xml:lang="hr">WiiWare paket</comment>
  <comment xml:lang="hu">WiiWare csomag</comment>
  <comment xml:lang="ia">Pacchetto WiiWare</comment>
  <comment xml:lang="id">Bundel WiiWare</comment>
  <comment xml:lang="it">Bundle WiiWare</comment>
  <comment xml:lang="kk">WiiWare дестесі</comment>
  <comment xml:lang="ko">위-웨어 번들</comment>
  <comment xml:lang="oc">lòt WiiWare</comment>
  <comment xml:lang="pl">Pakiet WiiWare</comment>
  <comment xml:lang="pt">pacote WiiWare</comment>
  <comment xml:lang="pt_BR">Pacote WiiWare</comment>
  <comment xml:lang="ru">пакет WiiWare</comment>
  <comment xml:lang="sk">Balík WiiWare</comment>
  <comment xml:lang="sr">ВииВер комплет</comment>
  <comment xml:lang="sv">WiiWare-paket</comment>
  <comment xml:lang="tr">WiiWare paketi</comment>
  <comment xml:lang="uk">пакет WiiWare</comment>
  <comment xml:lang="zh_CN">WiiWare bundle</comment>
  <comment xml:lang="zh_TW">WiiWare 綁包</comment>
  <generic-icon name="application-x-executable"/>
  <glob pattern="*.wad"/>
</mime-type>
