<?xml version="1.0" encoding="utf-8"?>
<mime-type xmlns="http://www.freedesktop.org/standards/shared-mime-info" type="application/x-xliff">
  <!--Created automatically by update-mime-database. DO NOT EDIT!-->
  <comment>XLIFF translation file</comment>
  <comment xml:lang="ar">ملف ترجمة XLIFF</comment>
  <comment xml:lang="be@latin">Fajł pierakładu XLIFF</comment>
  <comment xml:lang="bg">Превод — XLIFF</comment>
  <comment xml:lang="ca">fitxer de traducció XLIFF</comment>
  <comment xml:lang="cs">soubor překladu XLIFF</comment>
  <comment xml:lang="da">XLIFF-oversættelsesfil</comment>
  <comment xml:lang="de">XLIFF-Übersetzung</comment>
  <comment xml:lang="el">Αρχείο μετάφρασης XLIFF</comment>
  <comment xml:lang="en_GB">XLIFF translation file</comment>
  <comment xml:lang="es">archivo de traducción XLIFF</comment>
  <comment xml:lang="eu">XLIFF itzulpen-fitxategia</comment>
  <comment xml:lang="fi">XLIFF-käännöstiedosto</comment>
  <comment xml:lang="fo">XLIFF týðingarfíla</comment>
  <comment xml:lang="fr">fichier de traduction XLIFF</comment>
  <comment xml:lang="ga">comhad aistrithe XLIFF</comment>
  <comment xml:lang="gl">ficheiro de tradución XLIFF</comment>
  <comment xml:lang="he">קובץ תרגום CLIFF</comment>
  <comment xml:lang="hr">XLIFF datoteka prijevoda</comment>
  <comment xml:lang="hu">XLIFF fordítási fájl</comment>
  <comment xml:lang="ia">File de traduction XLIFF</comment>
  <comment xml:lang="id">Berkas terjemahan XLIFF</comment>
  <comment xml:lang="it">File traduzione XLIFF</comment>
  <comment xml:lang="ja">XLIFF 翻訳ファイル</comment>
  <comment xml:lang="kk">XLIFF аударма файлы</comment>
  <comment xml:lang="ko">XLIFF 번역 파일</comment>
  <comment xml:lang="lt">XLIFF vertimo failas</comment>
  <comment xml:lang="lv">XLIFF tulkošanas datne</comment>
  <comment xml:lang="nb">XLIFF-oversettelsesfil</comment>
  <comment xml:lang="nl">XLIFF-vertalingsbestand</comment>
  <comment xml:lang="nn">XLIFF-omsetjingsfil</comment>
  <comment xml:lang="oc">fichièr de traduccion XLIFF</comment>
  <comment xml:lang="pl">Plik tłumaczenia XLIFF</comment>
  <comment xml:lang="pt">ficheiro de tradução XLIFF</comment>
  <comment xml:lang="pt_BR">Arquivo de tradução XLIFF</comment>
  <comment xml:lang="ro">Fișier de traducere XLIFF</comment>
  <comment xml:lang="ru">файл перевода XLIFF</comment>
  <comment xml:lang="sk">Súbor prekladu XLIFF</comment>
  <comment xml:lang="sl">Datoteka prevoda XLIFF</comment>
  <comment xml:lang="sq">File përkthimesh XLIFF</comment>
  <comment xml:lang="sr">ИксЛИФФ датотека превода</comment>
  <comment xml:lang="sv">XLIFF-översättningsfil</comment>
  <comment xml:lang="tr">XLIFF çeviri dosyası</comment>
  <comment xml:lang="uk">файл перекладу XLIFF</comment>
  <comment xml:lang="vi">Tập tin dịch XLIFF</comment>
  <comment xml:lang="zh_CN">XLIFF 消息翻译文件</comment>
  <comment xml:lang="zh_TW">XLIFF 翻譯檔</comment>
  <acronym>XLIFF</acronym>
  <expanded-acronym>XML Localization Interchange File Format</expanded-acronym>
  <sub-class-of type="application/xml"/>
  <generic-icon name="text-x-generic"/>
  <glob pattern="*.xlf"/>
  <glob pattern="*.xliff"/>
</mime-type>
