<?xml version="1.0" encoding="utf-8"?>
<mime-type xmlns="http://www.freedesktop.org/standards/shared-mime-info" type="application/zlib">
  <!--Created automatically by update-mime-database. DO NOT EDIT!-->
  <comment>Zlib archive</comment>
  <comment xml:lang="ca">arxiu Zlib</comment>
  <comment xml:lang="cs">archiv Zlib</comment>
  <comment xml:lang="da">Zlib-arkiv</comment>
  <comment xml:lang="de">Zlib-Archiv</comment>
  <comment xml:lang="el">Συμπιεσμένο αρχείο Zlib</comment>
  <comment xml:lang="en_GB">Zlib archive</comment>
  <comment xml:lang="es">archivador Zlib</comment>
  <comment xml:lang="eu">Zlib artxiboa</comment>
  <comment xml:lang="fi">Zlib-arkisto</comment>
  <comment xml:lang="fr">Archive Zlib</comment>
  <comment xml:lang="gl">Arquivo Zlib</comment>
  <comment xml:lang="he">ארכיון Zlib</comment>
  <comment xml:lang="hr">Zlib arhiva</comment>
  <comment xml:lang="hu">Zlib archívum</comment>
  <comment xml:lang="ia">Archivo Zlib</comment>
  <comment xml:lang="id">Arsip Zlib</comment>
  <comment xml:lang="it">Archivio zlib</comment>
  <comment xml:lang="kk">Zlib архиві</comment>
  <comment xml:lang="ko">Zlib 압축 파일</comment>
  <comment xml:lang="oc">Archiu Zlib</comment>
  <comment xml:lang="pl">Archiwum Zlib</comment>
  <comment xml:lang="pt">arquivo Zlib</comment>
  <comment xml:lang="pt_BR">Pacote Zlib</comment>
  <comment xml:lang="ru">архив Zlib</comment>
  <comment xml:lang="sk">Archív Zlib</comment>
  <comment xml:lang="sl">Datoteka arhiva Zlib</comment>
  <comment xml:lang="sr">Злиб архива</comment>
  <comment xml:lang="sv">Zlib-arkiv</comment>
  <comment xml:lang="tr">Zlib arşivi</comment>
  <comment xml:lang="uk">архів zlib</comment>
  <comment xml:lang="zh_CN">Alzip 归档文件</comment>
  <comment xml:lang="zh_TW">Zlib 封存檔</comment>
  <generic-icon name="package-x-generic"/>
  <glob pattern="*.zz"/>
</mime-type>
